ingredient_de;ingredient_en;portion_size;sugar;carbs;cal;protein;fat;roughage;alcohol
Absinth (45% Vol.);Absinthe (45% vol.);;0.0;0.0;256;0.0;0.0;0.0;36.0
Acai;Acai;;2.0;4.0;207;5.0;19.0;0.0;0.0
Acerola;Acerola;;3.5;3.5;18;0.0;0.0;2.0;0.0
Ackerbohnen;field beans;;9.0;18.0;127;8.0;0.6;9.0;0.0
Afa Alge frisch;Afa algae fresh;;0.0;2.0;44;6.0;0.4;4.0;0.0
Agavendicksaft;agave nectar;;75.0;77.0;312;0.1;0.4;0.0;0.0
Ahornsirup;maple syrup;;65.0;65.0;260;0.0;0.0;0.0;0.0
Ajvar;ajvar;;7.0;10.6;97;1.5;5.0;2.0;0.0
Aloe Vera Saft;Aloe vera juice;;0.0;0.4;2;0.1;0.0;0.2;0.0
Altbier;Altbier;;2.0;5.4;51;0.5;0.0;0.0;3.9
Amaranth;Amaranth;;2.0;55.0;376;14.3;9.0;8.7;0.0
Ananas;pineapple;;11.3;11.5;51;0.4;0.2;1.0;0.0
Ananassaft;pineapple juice;;12.0;12.0;51;0.4;0.1;0.2;0.0
Anis;anise;;0.0;65.0;303;6.3;2.0;0.0;0.0
Aperol Likör;Aperol liqueur;;25.0;25.0;206;0.0;0.0;0.0;15.0
Apfel;Apple;;10.4;11.0;52;0.4;0.2;2.4;0.0
Apfeldicksaft;Apple juice;;68.0;69.0;279;0.0;0.0;1.4;0.0
Apfelessig;Apple Cider Vinegar;;0.5;1.0;4;0.0;0.0;0.0;0.0
Apfelkuchen;Apple Cake;;14.0;36.0;245;2.0;9.8;2.4;0.0
Apfelmus;applesauce;;15.0;17.0;73;0.2;0.2;1.0;0.0
Apfelringe getrocknet;Apple rings dried;;54.0;60.0;280;1.5;1.4;10.9;0.0
Apfelsaft;Apple juice;;11.0;11.0;44;0.0;0.0;0.0;0.0
Apfelschorle;apple juice;;7.0;7.0;28;0.0;0.0;0.0;0.0
Apfelwein;cider;;4.0;4.0;57;0.0;0.0;0.0;5.8
Appenzeller;Appenzeller;;0.0;0.0;375;24.0;31.0;0.0;0.0
Aprikose;apricot;;9.0;9.0;42;1.0;0.0;1.0;0.0
Aronia Beeren;Aronia berries;;18.0;20.0;114;2.5;2.0;3.0;0.0
Artischocke;artichoke;;2.9;2.9;41;2.0;0.0;10.9;0.0
Aubergine;aubergine;;2.1;3.0;30;1.0;0.9;2.9;0.0
Auster;oyster;;0.0;0.0;44;10.0;0.5;0.0;0.0
Austernpilze;oyster mushrooms;;0.0;0.0;20;2.0;0.0;6.0;0.0
Avocado;avocado;;1.0;2.0;228;2.0;22.0;7.0;0.0
Ayran;Ayran;;2.0;2.0;38;1.8;2.5;0.0;0.0
Backfisch;fried fish;;0.5;22.4;206;8.7;9.0;0.4;0.0
Backpulver;baking powder;;0.0;27.0;108;0.0;0.0;0.0;0.0
Bacon;Bacon;;0.0;1.5;470;35.0;36.0;0.0;0.0
Baguette;baguette;;4.0;58.4;297;7.0;3.0;4.0;0.0
Baiser;meringue;;96.0;96.0;400;4.0;0.0;0.0;0.0
Balsamico Creme;Balsamic cream;;48.0;51.2;220;1.7;0.9;0.0;0.0
Balsamico Essig;balsamic vinegar;;14.7;16.0;65;0.2;0.0;0.0;0.0
Bambussprossen;bamboo shoots;;1.0;1.0;14;1.7;0.0;1.5;0.0
Banane;banana;;17.0;20.0;90;1.2;0.2;1.8;0.0
Barsch;perch;;0.0;0.0;94;20.0;1.5;0.0;0.0
Basilikum;basil;;0.3;2.7;32;3.2;0.6;1.6;0.0
Basilikum Pesto;basil pesto;;1.6;4.5;355;5.4;35.0;0.3;0.0
Basmati Reis roh;Basmati rice raw;;0.0;78.2;360;8.7;0.8;2.4;0.0
Bauchspeck;streaky;;0.0;1.0;330;14.0;30.0;0.0;0.0
Beifuß getrocknet;Mugwort dried;;0.4;5.0;43;3.1;0.7;2.0;0.0
Berberitzen, getrocknet;Barberries, dried;;64.8;65.2;313;3.4;2.8;6.8;0.0
Bergkäse 50% i.Tr.;Mountain cheese 50% i.d.m.;;0.0;0.0;413;29.0;33.0;0.0;0.0
Berliner;Donut;;12.0;42.0;334;6.0;15.7;0.4;0.0
Bier;beer;;3.0;3.0;40;0.0;0.0;0.0;4.0
Bier, alkoholfrei;Beer, non-alcoholic;;0.2;5.0;22;0.0;0.0;0.0;0.3
Bierschinken;Bierschinken;;0.0;0.0;150;15.0;10.0;0.0;0.0
Birne;pear;;10.0;11.0;54;1.0;0.0;3.0;0.0
Bismarckhering;Bismarckhering;;1.8;3.0;172;13.0;12.0;0.0;0.0
Blattsalat;leaf lettuce;;0.0;2.0;16;1.1;0.0;1.6;0.0
Blaukraut;Red cabbage;;3.0;4.0;32;1.8;0.4;2.4;0.0
Blauschimmelkäse;Blue cheese;;0.0;0.0;356;17.0;32.0;0.0;0.0
Blumenkohl;cauliflower;;2.0;2.0;25;3.0;0.0;2.7;0.0
Blutwurst;black pudding;;0.0;0.0;312;15.0;28.0;0.0;0.0
Blätterteig;puff pastry;;0.8;49.0;550;6.8;36.0;1.6;0.0
Bockshornklee;Fenugreek;;0.0;58.0;428;23.0;6.0;25.0;0.0
Bockwurst;sausage;;0.0;0.0;282;12.0;26.0;0.0;0.0
Bohnenkraut getrocknet;Savory dried;;0.0;54.0;324;6.0;6.0;15.0;0.0
Bonbons;sweets;;97.0;97.0;388;0.0;0.0;0.0;0.0
Borretsch;borage;;0.0;3.1;26;1.8;0.7;0.0;0.0
Brandteig;Choux;;1.8;25.0;302;10.0;18.0;0.0;0.0
Bratensauce;Bratensauce;;1.1;6.0;42;1.0;1.6;0.0;0.0
Brathering;fried herring;;3.0;9.5;174;14.0;8.8;0.5;0.0
Bratkartoffeln;fried potatoes;;3.0;18.0;124;1.8;4.5;2.0;0.0
Bratwurst;bratwurst;;0.0;0.0;320;17.0;28.0;0.0;0.0
Brennnessel;stinging nettle;;0.0;5.0;58;6.0;0.5;5.0;0.0
Brezel;pretzel;;2.0;58.0;316;8.1;5.0;3.1;0.0
Brie;Brie;;0.0;0.0;322;22.0;26.0;0.0;0.0
Brokkoli;broccoli;;1.9;2.9;34;4.0;0.2;2.5;0.0
Brombeeren;blackberries;;5.0;5.0;38;0.8;0.8;4.0;0.0
Brötchen Weizen;Bun Wheat;;4.0;57.0;297;8.7;3.0;3.6;0.0
Buchweizen;buckwheat;;2.0;70.9;343;9.0;1.8;3.5;0.0
Buchweizenmehl;buckwheat flour;;0.0;71.0;354;10.0;2.0;6.2;0.0
Bulgur;bulgur;;1.8;69.4;339;8.4;1.0;9.4;0.0
Butter;butter;;0.0;0.0;742;1.0;82.0;0.0;0.0
Butterbrezel;pretzels;;1.4;41.0;350;6.0;18.0;0.0;0.0
Butterkekse;shortbread;;21.0;72.0;430;8.4;12.0;0.0;0.0
Butterkäse;butter cheese;;0.0;0.0;385;22.0;33.0;0.0;0.0
Buttermilch;buttermilk;;4.2;4.2;44;3.8;1.3;0.0;0.0
Butterpilze;butter mushrooms;;0.0;0.0;16;2.0;0.0;4.2;0.0
Bärlauch;wild garlic;;2.4;2.4;15;1.0;0.2;0.0;0.0
Büffelmozzarella;buffalo mozzarella;;0.0;1.0;276;14.0;24.0;0.0;0.0
Bündnerfleisch;Bündnerfleisch;;0.0;0.0;183;38.0;3.4;0.0;0.0
Cabanossi;Cabanossi;;0.0;0.0;326;14.0;30.0;0.0;0.0
Camembert;Camembert;;0.0;0.0;391;19.0;35.0;0.0;0.0
Camu-Camu Pulver;Camu-camu powder;;70.0;89.0;373;4.0;0.0;0.7;0.0
Cappuccino;cappuccino;;3.0;3.0;33;1.5;1.7;0.0;0.0
Cashewmus;Cashewmus;;14.0;31.0;572;20.0;40.0;4.0;0.0
Cashewnüsse;Cashews;;6.0;30.7;575;21.0;40.4;2.4;0.0
Cervelatwurst;Cervelatwurst;;1.0;1.0;351;17.0;31.0;0.0;0.0
Cevapcici;Cevapcici;;0.0;1.0;244;17.0;19.0;0.4;0.0
Champagner;champagne;;5.0;5.0;91;0.0;0.0;0.0;10.0
Champignons;mushrooms;;0.8;0.8;19;3.0;0.0;2.0;0.0
Cheddar Käse;cheddar cheese;;0.0;0.0;385;22.0;33.0;0.0;0.0
Cheeseburger;Cheese burger;;5.0;30.0;308;15.0;14.0;1.0;0.0
Cherrytomaten;Cherry tomatoes;;3.2;3.5;20;0.7;0.1;1.0;0.0
Chia;Chia;;0.0;5.0;451;21.0;31.0;34.0;0.0
Chia Brot;Chia bread;;1.1;12.0;323;12.4;23.1;8.9;0.0
Chia Brötchen;Chia bun;;3.0;51.0;278;10.0;3.0;3.4;0.0
Chicken Nuggets;Chicken nuggets;;0.0;14.0;300;15.0;20.0;2.1;0.0
Chicken Wings;Chicken wings;;0.0;0.0;186;15.0;14.0;0.0;0.0
Chicorée;Chicory;;2.0;2.0;14;1.0;0.0;1.1;0.0
Chili con carne;Chili con carne;;2.0;10.0;114;10.0;3.5;1.4;0.0
Chilischote;chilli;;6.0;9.0;50;1.8;0.4;1.7;0.0
Chinakohl;Chinese cabbage;;0.7;0.8;13;0.7;0.3;2.0;0.0
Chlorella;Chlorella;;0.0;23.0;404;55.0;10.0;1.0;0.0
Ciabatta Brot;Ciabatta bread;;0.8;68.3;342;8.0;3.5;2.7;0.0
Cidre;Cidre;;6.0;6.0;52;0.0;0.0;0.0;4.0
Clementine;Clementine;;9.5;9.5;45;1.0;0.0;1.7;0.0
Cola;cola;;12.0;12.0;48;0.0;0.0;0.0;0.0
Cola light;Cola Light;;0.0;0.7;3;0.0;0.0;0.0;0.0
Cola Zero;Cola Zero;;0.0;0.0;0;0.0;0.0;0.0;0.0
Cordon bleu v. Schwein;Cordon bleu v. pig;;3.0;11.8;204;15.0;10.8;0.0;0.0
Corned Beef;Corned beef;;0.0;0.0;143;20.0;7.0;0.0;0.0
Cornflakes, natur;Cornflakes, natural;;4.0;78.0;351;6.5;0.8;3.0;0.0
Couscous gekocht;Cooked couscous;;0.0;25.0;119;4.0;0.0;1.3;0.0
Couscous roh;Raw couscous;;1.7;66.0;330;12.0;2.0;0.0;0.0
Cranberries getrocknet;Cranberries dried;;70.0;81.0;341;0.5;0.5;5.1;0.0
Cranberry;cranberry;;5.0;5.0;39;1.0;1.0;3.0;0.0
Creme fraiche 15%;Creme fraiche 15%;;3.0;4.0;159;2.0;15.0;0.0;0.0
Creme fraiche 30%;Creme fraiche 30%;;5.0;5.0;298;2.0;30.0;0.0;0.0
Crevetten;shrimps;;0.0;0.0;85;19.0;1.0;0.0;0.0
Croissant;croissant;;6.8;41.0;435;6.1;27.0;1.7;0.0
Curry;curry;;3.0;25.0;344;13.0;14.0;33.0;0.0
Currywurst mit Sauce;Currywurst with sauce;;15.0;15.0;329;11.0;25.0;0.0;0.0
Datteln;Datteln;;60.0;60.0;266;2.0;0.0;9.0;0.0
Dicke Bohnen;Broad beans;;5.1;11.9;92;6.8;1.2;3.0;0.0
Diesel;diesel;;5.0;6.0;38;0.0;0.0;0.0;2.0
Dill;dill;;3.0;34.0;377;16.0;15.0;21.0;0.0
Dinkelbrot;Dark Bread;;2.4;40.0;202;6.0;1.0;4.4;0.0
Dinkelbrötchen;spelt roll;;2.9;34.0;215;9.8;3.4;4.4;0.0
Dinkelflocken;spelled flakes;;1.6;64.0;353;14.2;2.6;8.6;0.0
Dinkelkleie;spelled bran;;0.2;17.7;266;15.5;4.9;44.3;0.0
Dinkelmehl, Vollkorn;Spelled flour, whole grain;;0.7;66.0;357;12.4;3.0;8.0;0.0
Dinkelnudeln roh;Spelled pasta raw;;0.0;62.0;322;14.0;2.0;0.0;0.0
Dinkelvollkornbrot;Spelled bread;;1.1;41.5;222;6.8;1.9;5.9;0.0
Diätbier;diet beer;;0.0;2.0;31;0.0;0.0;0.0;3.3
Dominosteine;dominoes;;60.0;75.0;387;3.5;8.0;0.4;0.0
Donut;donut;;27.0;49.1;445;5.0;25.0;1.9;0.0
Dorade;Dorade;;0.0;0.0;133;22.0;5.0;0.0;0.0
Drachenfrucht;Pitaya;;6.9;7.1;37;0.9;0.4;0.7;0.0
Döner;Doner;;4.0;19.8;185;12.0;6.0;1.9;0.0
Dönerfleisch;doner meat;;0.0;2.8;237;25.0;14.0;0.0;0.0
Edamer Käse;Edam cheese;;0.0;0.0;358;22.0;30.0;0.0;0.0
Ei - Vollei;Egg - whole egg;;1.0;1.0;151;12.0;11.0;0.0;0.0
Eierkuchen;pancake;;4.2;32.0;217;5.5;7.0;2.1;0.0
Eierlikör (20% Vol.);Eggnog (20% vol.);;26.0;26.0;288;4.0;6.0;0.0;16.0
Eierpfannkuchen;egg pancake;;2.4;18.0;196;6.0;11.0;0.7;0.0
Eiersalat mit Mayonnaise;Egg salad with mayonnaise;;1.0;1.4;257;6.5;25.0;0.0;0.0
Eierschecke;Eierschecke;;13.0;25.0;185;6.0;6.7;0.2;0.0
Eigelb;egg yolk;;0.0;0.0;352;17.0;31.5;0.0;0.0
Eisbein roh;Pork knuckle raw;;0.0;0.0;197;20.0;13.0;0.0;0.0
Eisbergsalat;iceberg lettuce;;0.7;0.7;7;0.5;0.0;1.0;0.0
Eiscreme;ice cream;;21.0;24.0;210;3.5;11.0;0.7;0.0
Eiscreme;ice cream;;20.0;20.0;203;3.8;12.0;0.0;0.0
Eiskaffee;iced coffee;;5.0;5.0;69;1.0;5.0;0.0;0.0
Eistee;Icetea;;10.0;10.0;40;0.0;0.0;0.0;0.0
Eiweiss / Eiklar;Egg white / egg white;;1.0;1.0;44;10.0;0.0;0.0;0.0
Eiweißbrot;Protein bread;;2.8;13.5;239;20.0;10.6;5.0;0.0
Eiweißbrötchen;protein bread;;1.4;5.4;285;27.6;13.4;16.4;0.0
Eiweißpulver;protein powder;;5.0;5.0;358;80.0;2.0;0.0;0.0
Eiweißshake mit Milch;Protein shake with milk;;8.0;9.0;201;30.1;5.0;0.0;0.0
Emmentaler Käse;Emmental cheese;;0.0;0.0;370;25.0;30.0;0.0;0.0
Endiviensalat;endive salad;;0.2;3.4;26;1.2;0.2;3.1;0.0
Energydrink;Energy drink;;13.0;13.0;52;0.0;0.0;0.0;0.0
Ente;duck;;0.0;0.0;204;15.0;16.0;0.0;0.0
Entenbrust;duck breast;;0.0;0.0;154;16.0;10.0;0.0;0.0
Entenleber;duck liver;;0.0;0.0;104;17.0;4.0;0.0;0.0
Erbsensuppe;Pea soup;;0.4;10.9;100;4.8;3.7;2.1;0.0
Erdbeeren;strawberries;;7.0;7.0;43;1.0;1.0;1.0;0.0
Erdbeerjoghurt 1.5%;Strawberry yogurt 1.5%;;13.1;13.1;79;3.2;1.5;0.0;0.0
Erdbeerkuchen Biskuitteig;Strawberry biscuit dough;;22.0;35.0;182;0.7;3.8;2.4;0.0
Erdnussbutter;peanut butter;;8.0;12.0;639;21.0;55.0;6.0;0.0
Erdnussflips;Erdnussflips;;3.0;53.0;444;10.7;21.0;0.0;0.0
Erdnussmus;Peanut butter;;6.2;12.0;618;29.0;49.0;6.5;0.0
Erdnussöl;peanut oil;;0.0;0.0;900;0.0;100.0;0.0;0.0
Erdnüsse;peanuts;;0.4;7.0;581;22.0;49.0;12.0;0.0
Erythrit;erythritol;;0.0;100.0;20;0.0;0.0;0.0;0.0
Espresso;espresso;;0.0;1.5;8;0.1;0.2;0.0;0.0
Essig;vinegar;;0.0;0.0;0;0.0;0.0;0.0;0.0
Essig Öl Dressing;Vinegar oil dressing;;0.0;0.0;360;0.0;40.0;0.0;0.0
Estragon frisch;Tarragon fresh;;0.0;6.0;53;3.0;1.0;4.0;0.0
Estragon getrocknet;Tarragon dried;;0.0;50.0;369;23.0;7.0;7.0;0.0
Falafel;Falafel;;3.2;32.0;304;12.5;11.5;11.0;0.0
Fanta Orange;Fanta Orange;;0.1;9.1;37;0.1;0.0;0.0;0.0
Federweißer;Federweißer;;10.0;10.0;68;0.0;0.0;0.0;4.0
Feige;Coward;;11.0;12.0;56;1.0;0.0;1.8;0.0
Feldsalat;Lamb's lettuce;;0.7;0.8;14;2.1;0.0;1.0;0.0
Fenchel;fennel;;0.4;2.8;33;2.4;0.5;3.9;0.0
Feta Käse;Feta cheese;;0.0;0.0;305;20.0;25.0;0.0;0.0
Fischstäbchen;fish sticks;;2.2;22.4;251;12.3;12.1;1.5;0.0
Fladenbrot;flatbread;;2.0;45.0;219;4.7;0.8;6.4;0.0
Flammkuchen;Tarte;;3.0;30.0;240;7.0;10.0;1.0;0.0
Fleischbrühe;Meatsoup;;0.3;1.0;15;0.6;1.0;0.0;0.0
Fleischkäse;meatloaf;;0.0;0.0;207;18.0;15.0;0.0;0.0
Fleischsalat;meat salad;;3.2;4.0;272;4.7;26.4;0.0;0.0
Fleischwurst;Pork sausage;;0.0;0.0;285;15.0;25.0;0.0;0.0
Flohsamenschalen;Flohsamenschalen;;0.0;2.0;186;1.6;0.2;85.0;0.0
Flusskrebs;crayfish;;0.0;0.0;64;15.0;0.4;0.0;0.0
Forelle;Trout;;0.0;0.0;121;19.0;5.0;0.0;0.0
Forelle geräuchert;Smoked trout;;0.0;0.0;116;19.0;4.5;0.0;0.0
Franzbrötchen;Franzbrötchen;;19.0;30.0;339;4.9;21.9;1.0;0.0
Frikadelle;meatball;;1.0;5.0;282;20.0;20.0;0.9;0.0
Frischkäse fettreduziert;Reduced fat cream cheese;;3.0;3.0;145;10.7;10.0;0.0;0.0
Frischkäse körnig;Grainy cream cheese;;1.1;1.1;90;11.9;4.2;0.0;0.0
Frischkäse, Doppelrahm;Cream cheese, double cream;;3.2;3.2;334;10.7;30.9;0.0;0.0
Fruchteis / Sorbet;Fruit ice cream / sorbet;;25.0;25.0;113;1.0;1.0;0.0;0.0
Fruchtjoghurt 1.5%;Fruit yogurt 1.5%;;13.1;13.1;78;3.0;1.5;0.0;0.0
Fruchtsaft;fruit juice;;10.0;10.0;40;0.0;0.0;0.0;0.0
Fruchtzucker;fructose;;100.0;100.0;400;0.0;0.0;0.0;0.0
Früchtemüsli;Fruit cereal;;14.0;66.0;333;3.0;5.0;6.0;0.0
Früchtetee;Fruit tea;;0.0;0.0;0;0.0;0.0;0.0;0.0
Frühlingsrolle;Spring roll;;1.2;18.4;129;4.0;4.0;1.9;0.0
Frühlingszwiebel;spring onion;;2.0;4.9;35;1.8;0.4;2.3;0.0
Frühlingszwiebeln;spring onions;;2.2;7.0;44;1.9;0.4;2.4;0.0
Galiamelone;Galia melon;;4.0;5.7;26;0.4;0.1;0.4;0.0
Gambas;Gambas;;0.0;0.0;85;20.0;0.6;0.0;0.0
Gans;goose;;0.0;0.0;166;19.0;10.0;0.0;0.0
Garnelen;shrimp;;0.0;1.1;100;22.0;0.9;0.0;0.0
Geflügelfleischwurst;Geflügelfleischwurst;;0.0;0.0;235;25.0;15.0;0.0;0.0
Geflügelwiener;poultry Vienna;;0.0;1.5;225;14.0;18.0;0.3;0.0
Geflügelwurst;poultry sausage;;0.5;1.2;231;15.0;18.4;0.2;0.0
Gelatine;gelatin;;13.0;14.0;61;1.2;0.0;0.0;0.0
Gemüsebrühe;vegetable stock;;0.6;1.0;4;0.0;0.0;0.0;0.0
Gemüsesaft;vegetable juice;;2.0;7.0;28;0.0;0.0;0.0;0.0
Germknödel;Germknödel;;7.0;53.0;262;3.9;3.4;2.1;0.0
Gerstengras Pulver;Barley grass powder;;5.0;26.0;304;28.0;2.0;35.0;0.0
Gerstenmehl, Vollkorn;Barley flour, whole grain;;1.0;68.0;337;8.4;1.9;7.0;0.0
Gewürzgurken;gherkins;;5.0;6.0;30;1.0;0.0;1.0;0.0
Gheebutter;Gheebutter;;0.0;0.0;891;0.0;99.0;0.0;0.0
Gin (40% Vol.);Gin (40% vol.);;0.0;0.0;227;0.0;0.0;0.0;32.0
Glasnudeln roh;Glass noodles raw;;0.0;86.0;347;0.2;0.1;0.5;0.0
Gluten, Weizenkleber;Gluten, wheat gluten;;1.9;5.1;353;80.0;1.4;0.0;0.0
Glühwein;mulled wine;;14.0;14.0;108;0.0;0.0;0.0;7.3
Gnocchi;gnocchi;;2.0;25.0;122;3.8;0.8;0.0;0.0
Goji Beeren getrocknet;Goji berries dried;;51.4;54.0;346;11.0;4.7;21.7;0.0
Gorgonzola;Gorgonzola;;0.0;0.0;377;20.0;33.0;0.0;0.0
Gouda Käse;Gouda cheese;;0.0;0.0;376;22.0;32.0;0.0;0.0
Granatapfel;pomegranate;;14.0;15.0;68;1.0;0.0;2.0;0.0
Grapefruit;Grapefruit;;6.0;6.0;31;1.0;0.0;1.4;0.0
Grapefruitsaft;grapefruit juice;;7.0;10.0;47;0.8;0.1;1.3;0.0
Grappa (40% Vol.);Grappa (40% vol.);;0.0;0.0;227;0.0;0.0;0.0;32.0
Graubrot;brown bread;;2.4;46.0;246;8.0;2.0;5.8;0.0
Graupen;pearl barley;;0.0;71.0;335;9.7;1.4;0.0;0.0
griechischer Joghurt 10%;greek yogurt 10%;;4.1;4.3;133;6.5;10.0;0.0;0.0
Grießbrei;semolina pudding;;4.0;16.0;105;3.7;2.9;0.0;0.0
Grissinis;grissini;;2.0;30.0;238;6.0;9.4;4.7;0.0
Grüne Bohnen;Green beans;;3.0;5.0;32;2.0;0.0;2.0;0.0
Grüne Erbsen;Green peas;;1.0;11.0;84;7.0;0.4;4.0;0.0
Grüner Spargel;Green asparagus;;0.2;2.8;21;1.9;0.2;0.0;0.0
Grüner tee;Green tea;;0.0;0.1;2;0.2;0.1;0.1;0.0
Grünkohl;Kale;;2.0;2.7;41;3.8;0.8;4.0;0.0
Grützwurst;black pudding;;0.0;10.4;243;11.2;17.4;0.0;0.0
Guacamole;guacamole;;1.7;3.2;160;2.0;15.0;2.2;0.0
Guarkernmehl;guar Gum;;0.0;0.0;24;5.0;0.0;2.0;0.0
Guave;guava;;5.0;6.0;47;1.0;1.0;5.0;0.0
Gummibärchen;gummy bear;;78.0;80.0;340;5.0;0.0;0.0;0.0
Gurke grün;Cucumber green;;2.0;2.0;12;1.0;0.0;0.0;0.0
Gyros;Gyros;;0.0;0.0;149;17.0;9.0;0.0;0.0
Gänsebrust;goose breast;;0.0;0.0;141;21.0;6.3;0.0;0.0
Gänsekeule;goose leg;;0.0;0.0;169;21.0;9.4;0.0;0.0
Gänseleberpastete;foie gras;;0.0;0.0;280;16.0;24.0;0.0;0.0
Gänseschmalz;goose fat;;0.0;0.0;900;0.0;100.0;0.0;0.0
Götterspeise gekocht;Boiled gods dish;;6.0;6.0;24;0.0;0.0;0.0;0.0
Hackfleisch gemischt;Mixed minced meat;;0.0;0.0;336;21.0;28.0;0.0;0.0
Haferflocken;oatmeal;;1.0;55.0;339;10.3;6.5;9.8;0.0
Haferkleie;oat bran;;1.3;45.2;350;15.4;7.8;18.6;0.0
Hafermilch;oat milk;;5.0;6.0;42;1.0;1.5;0.0;0.0
Hagebutten;rosehips;;4.0;16.0;120;1.6;0.2;24.0;0.0
Hagebuttentee;Hagebuttentee;;0.0;0.0;0;0.0;0.0;0.0;0.0
Halbfettmargarine;Halbfettmargarine;;0.0;0.0;360;0.0;40.0;0.0;0.0
Halloumi;Halloumi;;1.3;2.2;293;22.0;21.8;0.0;0.0
Hamburger;hamburger;;5.0;24.0;285;17.0;13.0;2.0;0.0
Handkäse;hand cheese;;0.0;0.0;120;29.0;0.5;0.0;0.0
Hanfmehl;hemp flour;;0.0;1.2;287;30.0;8.0;45.0;0.0
Hanfsamen;hemp seeds;;1.0;12.0;586;33.0;44.0;5.0;0.0
Harzer Käse;harzer cheese;;0.0;0.0;116;28.0;0.5;0.0;0.0
Hase;Rabbit;;0.0;0.0;98;20.0;2.0;0.0;0.0
Haselnussmilch;hazelnut milk;;3.1;3.1;29;0.4;1.6;0.3;0.0
Haselnussmus;Haselnussmus;;8.0;11.0;688;15.0;64.0;4.0;0.0
Haselnüsse;hazelnuts;;1.0;5.8;635;12.0;61.0;7.4;0.0
Hefeflocken;nutritional yeast;;0.2;9.0;286;49.0;6.0;0.0;0.0
Hefeteig;yeast dough;;0.0;42.0;202;6.0;1.0;0.3;0.0
Hefezopf;Hefezopf;;12.0;43.0;284;8.4;6.6;9.4;0.0
Heidelbeeren;blueberries;;5.0;6.0;39;1.0;0.0;5.4;0.0
Heilbutt;halibut;;0.0;0.0;107;22.8;1.8;0.0;0.0
Heiße Schokolade;Hot chocolate;;4.5;5.4;70;3.0;4.0;0.0;0.0
Heringsfilet;Heringsfilet;;0.0;0.0;207;18.0;15.0;0.0;0.0
Himbeeren;raspberries;;5.0;5.0;33;1.0;0.0;4.6;0.0
Hirsch;deer;;0.0;0.0;102;21.0;2.0;0.0;0.0
Hirse;millet;;2.0;67.3;344;10.0;3.0;4.1;0.0
Hirseflocken;Hirseflocken;;0.0;73.3;366;11.8;2.8;0.0;0.0
Hirtenkäse Kuhmilch;Shepherd's cheese cow's milk;;0.4;0.4;267;19.0;21.0;0.0;0.0
Hirtenkäse Kuhmilch leicht;Shepherd's cheese light cow's milk;;0.6;0.6;189;22.0;11.0;0.0;0.0
Holunder;elder;;8.0;8.0;45;0.6;0.5;3.0;0.0
Holundersaft;elderberry juice;;5.0;6.0;40;2.0;0.0;4.0;0.0
Honig;honey;;78.0;78.0;312;0.0;0.0;0.0;0.0
Honigmelone;cantaloupe;;11.0;11.0;48;1.0;0.0;0.0;0.0
Hugo Aperitif Cocktail;Hugo aperitif cocktail;;10.8;11.0;94;0.1;0.1;0.0;6.9
Hummer;lobster;;0.0;0.0;88;20.1;0.8;0.0;0.0
Hummus;Hummus;;0.0;14.0;190;8.0;10.0;6.0;0.0
Hähnchen;chicken;;0.0;0.0;161;20.0;9.0;0.0;0.0
Hähnchen gebraten;Fried chicken;;0.0;0.0;175;22.0;9.7;0.0;0.0
Hähnchenbrust;chicken breast;;0.0;0.0;116;20.0;4.0;0.0;0.0
Hähnchenleber;chicken liver;;0.0;0.0;116;20.0;4.0;0.0;0.0
Hähnchenschenkel;chicken thighs;;0.0;0.0;161;20.0;9.0;0.0;0.0
Hähnchenschnitzel paniert gebraten;Fried breaded chicken schnitzel;;0.0;15.0;191;17.0;7.0;0.0;0.0
Hühnerfrikassee;Hühnerfrikassee;;0.9;3.8;96;12.5;3.3;0.4;0.0
Hühnersuppe;chicken soup;;1.6;3.5;34;2.4;1.2;0.0;0.0
Hüttenkäse;cottage cheese;;2.1;3.3;93;10.8;4.1;0.0;0.0
Ingwer;ginger;;2.0;13.0;70;1.6;0.8;2.0;0.0
Isomalt;isomalt;;0.0;100.0;200;0.0;0.0;0.0;0.0
Jagdwurst;Jagdwurst;;0.0;0.0;210;12.0;18.0;0.0;0.0
Jakobsmuschel;scallop;;0.0;0.0;56;11.4;1.2;0.0;0.0
Jasminreis roh;Jasmine rice raw;;0.0;80.1;356;8.0;0.4;0.0;0.0
Joghurt, 0,1%;Yogurt, 0.1%;;5.8;5.8;46;5.5;0.1;0.0;0.0
Joghurt, 1,5%;Yogurt, 1.5%;;5.0;5.0;47;3.4;1.5;0.0;0.0
Joghurt, 3.5%;Yogurt, 3.5%;;5.0;5.0;65;3.4;3.5;0.0;0.0
Joghurtdressing;yoghurt dressing;;4.0;8.0;146;1.5;12.0;0.0;0.0
Joghurteis;Frozen yogurt;;14.0;14.0;91;2.0;3.0;0.0;0.0
Johannisbrotkernmehl;Locust bean gum;;1.0;1.0;37;6.0;1.0;0.0;0.0
Jägermeister Kräuterlikör;Jägermeister herbal liqueur;;12.0;12.0;247;0.0;0.0;0.0;28.0
Kabeljau / Dorsch;Cod / cod;;0.0;0.0;78;18.0;0.7;0.0;0.0
Kaffee komplett;Complete coffee;;3.5;3.5;15;0.1;0.1;0.0;0.0
Kaffee mit Milch;coffee with milk;;0.0;0.1;2;0.1;0.1;0.0;0.0
Kaffee schwarz;black coffee;;0.0;0.0;0;0.0;0.0;0.0;0.0
Kaffeesahne 10%;Coffee cream 10%;;4.0;4.0;118;3.0;10.0;0.0;0.0
Kaffeesahne 4%;Coffee cream 4%;;4.0;4.0;64;3.0;4.0;0.0;0.0
Kaffeesahne 7,5%;Coffee cream 7.5%;;4.0;4.0;96;3.0;7.5;0.0;0.0
Kaisergemüse;mixed vegetables;;1.2;3.3;28;2.0;0.2;2.7;0.0
Kaiserschmarrn;Kaiserschmarrn;;9.0;22.0;154;5.0;5.0;0.4;0.0
Kakao, stark entölt;Cocoa, heavily oiled;;2.0;10.0;337;23.0;15.0;35.0;0.0
Kakaobohnen;cocoa beans;;1.0;11.0;415;20.0;25.0;33.0;0.0
Kakaobutter;cocoa butter;;0.0;0.0;900;0.0;100.0;0.0;0.0
Kakaofasern;cocoa fibers;;0.5;2.5;263;17.3;7.8;57.0;0.0
Kakaomilch 1,5%;Cocoa milk 1.5%;;20.0;20.0;115;3.0;2.6;0.0;0.0
Kakaomilch 3,5%;Cocoa milk 3.5%;;20.0;20.0;124;3.0;3.6;0.0;0.0
Kakaopulver gezuckert;Sugared cocoa powder;;78.0;80.0;377;4.0;3.0;7.0;0.0
Kaki;Kaki;;15.0;15.0;68;1.0;0.0;2.0;0.0
Kalbsbries;sweetbreads;;0.0;0.0;83;14.0;3.0;0.0;0.0
Kalbsfilet;veal fillet;;0.0;0.0;102;20.0;2.4;0.0;0.0
Kalbsfleisch;veal;;0.0;0.0;116;20.0;4.0;0.0;0.0
Kalbsleber;calf's liver;;0.0;3.0;70;13.0;0.7;0.0;0.0
Kalbsleberwurst;Kalbsleberwurst;;0.0;1.4;291;15.0;25.0;0.1;0.0
Kalbsrücken;saddle of veal;;0.0;0.0;107;20.0;3.0;0.0;0.0
Kalbsschnitzel;veal cutlet;;0.0;0.0;109;21.0;2.8;0.0;0.0
Kamut;kamut;;8.0;68.2;365;13.0;2.2;10.1;0.0
Kandiszucker;rock candy;;100.0;100.0;400;0.0;0.0;0.0;0.0
Kaninchen;Rabbits;;0.0;0.0;142;22.0;6.0;0.0;0.0
Kapern, Glas;Capers, glass;;0.5;5.0;44;2.4;0.8;3.4;0.0
Karambole;red ball;;3.8;3.8;30;0.8;1.0;1.4;0.0
Karamel;caramel;;100.0;100.0;400;0.0;0.0;0.0;0.0
Kardamom gemahlen;Ground cardamom;;1.0;65.9;389;10.6;6.4;12.7;0.0
Karottensaft;carrot juice;;4.0;5.0;25;0.5;0.2;0.5;0.0
Karpfen;carp;;0.0;0.0;113;17.0;5.0;0.0;0.0
Kartoffelbrot;potato bread;;13.0;41.0;256;13.0;3.1;6.0;0.0
Kartoffelchips;Potato Chips;;1.0;52.0;556;6.0;35.0;4.6;0.0
Kartoffelfasern;potato fibers;;0.1;8.0;199;9.0;0.1;65.0;0.0
Kartoffelgratin;potato gratin;;2.0;17.0;123;2.0;5.0;1.2;0.0
Kartoffeln gekocht;Boiled potatoes;;0.4;16.0;73;1.5;0.0;1.7;0.0
Kartoffeln roh;Raw potatoes;;2.1;16.0;77;1.7;0.3;1.8;0.0
Kartoffelpuffer;potato pancakes;;2.4;25.0;263;6.0;15.0;1.8;0.0
Kartoffelpüree;Mashed potatoes;;1.2;12.0;71;2.0;1.4;1.3;0.0
Kartoffelrösti;hash browns;;1.4;19.1;144;3.1;6.0;0.7;0.0
Kartoffelsalat;potato salad;;4.0;12.0;170;3.0;12.0;1.1;0.0
Kartoffelspalten;potato wedges;;2.1;16.0;110;1.7;4.0;1.8;0.0
Kartoffelstärke;potato starch;;0.0;79.4;321;0.5;0.1;0.1;0.0
Kartoffelsuppe;Potato soup;;0.0;6.1;41;1.0;1.3;0.3;0.0
Kasseler;Kassel;;0.0;0.0;127;25.0;3.0;0.0;0.0
Katenschinken;Katenschinken;;1.0;1.0;200;22.0;12.0;0.0;0.0
Kaugummi;chewing gum;;94.0;94.0;376;0.0;0.0;0.0;0.0
Kaviar;caviar;;0.0;4.0;259;27.0;15.0;0.0;0.0
Kefir;kefir;;3.5;3.5;59;3.4;3.5;0.0;0.0
Kekse;Cookies;;16.0;45.0;322;7.9;12.0;1.4;0.0
Kerbel;chervil;;0.0;6.1;51;3.8;0.6;3.1;0.0
Ketchup;Ketchup;;22.5;28.0;122;1.0;0.7;0.0;0.0
Kichererbsen;Chickpeas;;3.0;45.0;353;20.0;7.0;14.8;0.0
Kichererbsenmehl;chickpea flour;;2.0;50.0;362;20.0;6.7;11.0;0.0
Kidneybohnen;Kidney beans;;0.2;40.0;295;21.0;1.0;21.0;0.0
Kinder Schokolade;Children's chocolate;;53.3;53.5;564;8.7;35.0;0.0;0.0
Kiwi;kiwi;;8.0;8.0;49;1.0;1.0;2.0;0.0
Klöße gekocht;Dumplings cooked;;0.0;26.1;112;2.0;0.0;0.0;0.0
Knoblauch;garlic;;8.0;27.0;136;5.8;0.2;1.7;0.0
Knollensellerie;celery root;;2.0;2.4;26;1.5;0.3;4.0;0.0
Knuspermüsli;Knuspermüsli;;24.0;63.0;442;10.0;15.0;7.3;0.0
Kochschinken;cooked ham;;1.0;1.0;111;20.0;3.0;0.0;0.0
Kohlrabi;kohlrabi;;3.8;4.0;30;2.0;0.4;1.3;0.0
Kohlrübe;Turnip;;4.8;5.0;31;1.0;0.2;2.5;0.0
Kokosblütenzucker;Coconut blossom sugar;;94.0;94.0;384;1.0;0.5;0.0;0.0
Kokosfett;coconut oil;;0.0;0.0;900;0.0;100.0;0.0;0.0
Kokosmehl;coconut flour;;15.0;17.0;354;17.0;16.5;35.0;0.0
Kokosmilch;coconut milk;;3.3;6.0;227;2.0;21.0;3.0;0.0
Kokosnuss;coconut;;7.0;8.0;323;4.0;28.0;11.4;0.0
Kokosraspel;desiccated coconut;;14.0;16.0;648;7.0;60.0;8.0;0.0
Kokoswasser;coconut water;;5.0;11.9;59;0.5;1.0;0.0;0.0
Kokosöl;coconut oil;;0.0;0.0;900;0.0;100.0;0.0;0.0
Konfitüre;jam;;55.0;55.0;222;0.0;0.0;1.0;0.0
Konjacnudeln gekocht;Cooked konjac noodles;;0.0;0.0;6;0.0;0.0;3.0;0.0
Konjakmehl;konjac flour;;0.0;0.0;168;2.0;0.0;80.0;0.0
Kopfsalat;lettuce;;1.0;1.0;12;1.0;0.0;1.9;0.0
Koriander frisch;Coriander fresh;;0.9;0.9;22;2.1;0.5;2.8;0.0
Koriander gemahlen;Ground coriander;;24.0;26.0;396;12.0;20.0;32.0;0.0
Kornspitz;Kornspitz;;0.6;36.0;207;10.0;1.6;4.2;0.0
Krabben;crabs;;0.0;0.0;106;22.0;2.0;0.0;0.0
Krabbenchips;prawn crackers;;2.0;60.0;481;4.0;25.0;0.0;0.0
Krakauer Wurst;Krakow sausage;;0.0;0.2;278;13.0;25.0;0.0;0.0
Krautsalat;coleslaw;;11.0;12.0;83;1.0;3.0;2.0;0.0
Kresse;cress;;3.8;5.0;40;2.6;0.8;1.2;0.0
Kreuzkümmel;cumin;;7.4;33.0;418;16.9;22.1;9.9;0.0
Kroketten;croquettes;;0.5;25.8;198;5.5;7.9;1.0;0.0
Kräuterbutter;Herb butter;;0.0;0.0;706;0.9;78.0;0.0;0.0
Kräuterlikör (30%);Herbal liqueur (30%);;15.0;15.0;230;0.0;0.0;0.0;24.0
Kräuterquark, 40%;Herb curd, 40%;;3.0;3.0;160;10.0;12.0;0.0;0.0
Kräutertee;herbal tea;;0.0;0.0;0;0.0;0.0;0.0;0.0
Kumquat;Kumquat;;13.0;14.0;73;1.2;0.4;4.1;0.0
Kurkuma;turmeric;;2.0;44.0;338;8.0;10.0;20.0;0.0
Kuvertüre Vollmilch;Chocolate whole milk;;48.0;51.0;531;6.4;33.0;2.4;0.0
Kuvertüre Zartbitter;Chocolate, bittersweet;;44.0;45.0;509;5.8;32.0;9.0;0.0
Käsekuchen;Cheesecake;;26.0;28.0;326;6.0;21.0;0.4;0.0
Käsespätzle;cheese noodles;;0.7;22.0;194;8.0;8.0;0.9;0.0
Köfte türkisch;Köfte Turkish;;0.2;4.9;189;15.2;12.0;0.4;0.0
Kölsch;Kölsch;;4.0;4.0;44;0.0;0.0;0.0;4.0
Körnerbrötchen;Körnerbrötchen;;3.0;46.0;289;8.0;7.0;5.0;0.0
Kümmel;Caraway seed;;0.0;37.0;381;19.0;15.0;11.0;0.0
Kümmerling Kräuterlikör;Kümmerling herbal liqueur;;10.0;10.0;239;0.0;0.0;0.0;28.0
Kürbis Hokkaido;Pumpkin hokkaido;;4.2;5.2;28;0.8;0.0;2.0;0.0
Kürbiskernbrötchen;Pumpkin Seed Roll;;1.7;42.9;279;7.0;8.0;3.7;0.0
Kürbiskerne;pumpkin seeds;;2.0;4.0;654;32.0;55.0;7.4;0.0
Kürbiskernmehl;Pumpkin seed flour;;1.0;5.0;387;55.0;13.0;15.0;0.0
Kürbiskernöl;Pumpkin seed oil;;0.0;0.0;900;0.0;100.0;0.0;0.0
Lachs (Zucht);Salmon (breeding);;0.0;0.0;188;20.0;12.0;0.0;0.0
Lachsforelle;salmon trout;;0.0;0.0;152;20.0;8.0;0.0;0.0
Lachsschinken;Lachsschinken;;0.0;0.0;112;19.0;4.0;0.0;0.0
Lactit;lactitol;;0.0;100.0;200;0.0;0.0;0.0;0.0
Lahmacun;lahmacun;;4.0;29.0;261;8.0;12.0;2.4;0.0
Lakritze;liquorice;;55.0;85.0;361;3.8;0.4;1.0;0.0
Lammfilet;lamb fillet;;0.0;0.0;118;20.0;4.2;0.0;0.0
Lammfleisch;lamb;;0.0;0.0;191;14.0;15.0;0.0;0.0
Lammkeule;Lamb shank;;0.0;0.0;248;17.0;20.0;0.0;0.0
Lammkotelett;lamb chop;;0.0;0.0;250;13.0;22.0;0.0;0.0
Lammrücken;rack of lamb;;0.0;0.0;207;18.0;15.0;0.0;0.0
Landjäger;Landjäger;;0.0;0.0;395;20.0;35.0;0.0;0.0
Langkornreis roh;Long grain rice raw;;2.1;60.8;277;7.2;0.6;0.0;0.0
Languste;crayfish;;0.0;0.0;78;16.0;1.5;0.0;0.0
Lasagne;lasagne;;2.7;18.0;179;7.0;8.5;1.4;0.0
Latte Macchiato;latte macchiato;;2.5;2.5;29;2.5;1.0;0.0;0.0
Laugenstange;Laugenstange;;2.0;58.0;316;8.1;5.0;3.1;0.0
Leberknödel;liver dumpling;;0.4;5.0;84;7.0;4.0;0.2;0.0
Leberkäse;meatloaf;;1.0;2.0;294;14.0;25.5;0.0;0.0
Leberwurst;liverwurst;;0.0;0.0;330;15.0;30.0;0.0;0.0
Lebkuchen;gingerbread;;38.0;60.0;387;4.2;14.0;2.0;0.0
Leinsamen;linseed;;0.0;0.0;425;22.4;29.0;37.4;0.0
Leinsamenbrot;Linseed bread;;2.1;36.7;221;6.9;3.8;6.1;0.0
Leinsamenmehl teilentölt;Flaxed flour partially de-oiled;;3.0;6.0;330;28.0;12.5;40.8;0.0
Leinöl;linseed oil;;0.0;0.0;900;0.0;100.0;0.0;0.0
Liebstöckel;lovage;;0.0;5.0;42;3.0;1.0;0.3;0.0
Likör (20% Vol.);Liqueur (20% vol.);;20.0;20.0;194;0.0;0.0;0.0;16.0
Limburger Käse;Limburg cheese;;0.0;0.0;258;24.0;18.0;0.0;0.0
Limette;lime;;1.7;8.7;43;0.7;0.2;2.0;0.0
Limonade;lemonade;;11.0;11.0;44;0.0;0.0;0.0;0.0
Limonade light;Lemonade light;;0.0;0.7;3;0.0;0.0;0.0;0.0
Linsen roh;Lentils raw;;0.9;40.6;309;24.0;1.9;16.9;0.0
Linsensuppe;lentil soup;;2.2;40.0;242;12.0;2.0;7.9;0.0
Linzertorte;Linzer Torte;;25.0;55.0;401;7.0;17.0;0.0;0.0
Litschi;lychee;;16.0;16.0;71;1.0;0.0;1.4;0.0
Lollo Rosso;Lollo rosso;;0.0;2.5;20;1.3;0.2;1.4;0.0
Lorbeer getrocknet;Laurel dried;;0.0;45.4;340;7.6;8.6;25.1;0.0
Lyoner;Lyon;;0.0;1.0;246;14.5;20.4;0.0;0.0
Löffelbisquit;sponge fingers;;12.0;64.0;326;8.4;4.0;0.4;0.0
Löwenzahn;dandelion;;0.7;9.0;60;2.7;0.7;3.5;0.0
Maasdamer Käse;Maasdam cheese;;0.0;0.0;348;24.0;28.0;0.0;0.0
Macadamia;Macadamia;;5.0;6.0;691;6.0;69.0;11.0;0.0
Mairübchen;turnip;;0.4;4.7;31;1.0;0.1;3.5;0.0
Mais;Corn;;4.0;18.0;86;2.0;0.0;3.0;0.0
Maiskolben ganz;Whole corn on the cob;;2.7;16.0;95;3.5;1.1;3.4;0.0
Maismehl;cornmeal;;1.0;68.0;332;6.0;2.0;9.2;0.0
Maisstärke;corn starch;;0.0;88.0;354;0.4;0.0;0.0;0.0
Majoran gerebelt;Marjoram grated;;2.0;42.0;332;12.0;12.0;4.0;0.0
Makrele;mackerel;;0.0;0.0;167;17.0;11.0;0.0;0.0
Makronen;macaroons;;70.8;72.0;403;3.8;11.0;0.4;0.0
Maltit;maltitol;;0.0;100.0;210;0.0;0.0;0.0;0.0
Maltodextrin;maltodextrin;;100.0;100.0;400;0.0;0.0;0.0;0.0
Malzbier;brown ale;;6.8;10.8;46;0.6;0.0;0.2;0.0
Mamorkuchen;Mamorkuchen;;58.0;79.0;443;3.4;12.0;2.9;0.0
Mandarine;tangerine;;10.0;10.0;51;1.0;0.4;1.6;0.0
Mandelmehl;almond flour;;6.0;6.0;350;48.0;10.0;22.0;0.0
Mandelmilch gesüßt;Almond milk sweetened;;3.0;3.0;24;0.5;1.1;0.2;0.0
Mandelmilch ungesüßt;Almond milk unsweetened;;0.1;0.1;13;0.4;1.1;0.4;0.0
Mandelmus;Almond butter;;4.0;5.0;642;23.0;57.0;8.4;0.0
Mandeln;almonds;;5.0;5.0;611;18.0;55.0;12.0;0.0
Mango;mango;;12.0;13.0;61;1.0;0.2;1.7;0.0
Mangold;chard;;0.5;1.0;23;1.5;0.6;3.6;0.0
Maniok;manioc;;2.0;36.0;156;1.4;0.3;2.0;0.0
Margarine;margarine;;0.0;0.0;720;0.0;80.0;0.0;0.0
Marmelade;jam;;78.0;78.0;312;0.0;0.0;0.0;0.0
Marmorkuchen;marble cake;;19.1;48.0;448;4.8;25.9;2.0;0.0
Maronen;chestnuts;;15.0;45.0;213;2.0;1.0;8.1;0.0
Marzipan;marzipan;;58.0;58.0;491;7.0;25.0;2.8;0.0
Mascarpone;mascarpone;;4.0;4.0;382;6.0;38.0;0.0;0.0
Matjes;matjes;;0.0;0.0;244;15.8;20.1;0.0;0.0
Maulbeeren;mulberries;;8.0;10.0;53;1.4;0.4;1.7;0.0
Maultaschen;ravioli;;0.6;17.9;202;11.0;9.4;1.1;0.0
Mayonnaise;mayonnaise;;0.0;0.0;720;0.0;80.0;0.0;0.0
Meerrettich;horseradish;;8.0;12.0;65;1.2;0.6;3.3;0.0
Mehrkornbrot;Multigrain bread;;2.0;44.0;238;6.5;2.0;9.0;0.0
Mehrkornbrötchen;Mehrkornbrötchen;;3.3;43.7;273;8.2;5.9;6.0;0.0
Mettenden;Mette ends;;1.0;1.0;351;17.0;31.0;0.0;0.0
Mie Nudeln;Mie noodles;;0.0;72.0;342;11.0;1.0;0.7;0.0
Miesmuscheln;mussels;;0.0;0.0;56;10.0;1.8;0.0;0.0
Milch 0,3%;Milk 0.3%;;5.0;5.0;35;3.0;0.3;0.0;0.0
Milch 1,5%;Milk 1.5%;;5.0;5.0;46;3.0;1.5;0.0;0.0
Milch 3,5%;Milk 3.5%;;5.0;5.0;64;3.0;3.5;0.0;0.0
Milchbrötchen;milk roll;;2.1;45.0;225;0.4;4.8;0.0;0.0
Milchkaffee;Latte;;0.2;0.2;6;0.4;0.4;0.0;0.0
Milchpulver;milk powder;;37.0;37.0;495;26.0;27.0;0.0;0.0
Milchreis gekocht;Boiled rice pudding;;1.0;19.4;94;3.3;0.4;0.0;0.0
Milchschnitte;Milchschnitte;;29.0;34.0;423;8.0;28.0;1.4;0.0
Milchzucker;lactose;;100.0;100.0;400;0.0;0.0;0.0;0.0
Mineralwasser;Mineral water;;0.0;0.0;0;0.0;0.0;0.0;0.0
Mischbrot;brown bread;;0.7;47.0;233;6.5;1.0;5.1;0.0
Mischgemüse;mixed vegetables;;1.3;10.7;62;3.2;0.4;1.4;0.0
Mohn;Poppy;;0.0;3.0;487;19.0;39.4;22.3;0.0
Mohnbrötchen;Mohnbrötchen;;1.0;49.0;280;10.0;4.0;3.8;0.0
Molke;whey;;4.4;4.4;26;1.5;0.3;0.0;0.0
Morcheln;morels;;0.0;0.0;21;2.0;0.0;6.4;0.0
Moringa Pulver;Moringa powder;;4.0;39.0;372;28.0;6.2;24.0;0.0
Mortadella;Mortadella;;0.0;0.0;250;13.0;22.0;0.0;0.0
Mozzarella Käse;Mozzarella cheese;;0.0;0.0;254;14.0;22.0;0.0;0.0
Multivitaminsaft;Multivitamin juice;;11.7;12.0;51;0.3;0.1;0.5;0.0
Mungobohnen;Mung beans;;7.0;47.0;327;24.0;1.2;16.0;0.0
Muskat gemahlen;Ground nutmeg;;0.0;45.0;526;5.7;35.0;4.1;0.0
Möhren / Karotten;Carrots / carrots;;4.6;4.7;31;0.9;0.1;4.0;0.0
Mönchsfrucht;monk fruit;;31.0;35.0;140;0.0;0.0;0.0;0.0
Mönchsfrucht Zucker;Monk fruit sugar;;0.0;0.0;0;0.0;0.0;0.0;0.0
Mürbeteig;shortcrust;;22.0;45.0;437;5.7;25.9;0.4;0.0
Müsli;cereal;;3.0;56.0;365;8.0;11.0;4.9;0.0
Müsliriegel;granola bar;;30.0;44.0;406;6.0;22.0;4.0;0.0
Nachos mit Käse;Nachos with cheese;;1.4;32.0;315;8.0;17.0;0.8;0.0
Nackensteak Schwein;Pork neck steak;;0.0;0.0;193;19.5;12.8;0.0;0.0
Natron;bicarbonate of soda;;0.0;0.0;0;0.0;0.0;0.0;0.0
Nektarine;nectarine;;12.0;12.0;61;1.0;0.4;2.5;0.0
Nelken getrocknet;Cloves dried;;3.0;50.1;435;5.8;21.2;10.1;0.0
Nougat;nougat;;65.0;65.0;485;7.0;21.0;4.0;0.0
Nudeln gekocht;Cooked pasta;;0.3;28.7;144;4.0;1.0;2.0;0.0
Nudeln, Eierteigware roh;Pasta, raw egg pasta;;0.4;72.0;375;12.0;3.7;3.0;0.0
Nudeln, Hartweizengrieß roh;Pasta, durum wheat semolina raw;;0.4;69.0;340;11.0;1.4;3.8;0.0
Nudeln, Vollkorn roh;Pasta, whole grain raw;;1.0;60.0;343;13.0;2.8;13.0;0.0
Nudelsalat mit Mayonnaise;Pasta salad with mayonnaise;;0.8;6.4;192;5.8;15.8;0.4;0.0
Nuss Nougat Creme;nut nougat cream;;58.0;58.0;548;3.0;33.0;3.5;0.0
Nussschokolade;nut chocolate;;49.0;49.0;533;8.0;33.0;4.1;0.0
Nutella;Nutella;;55.0;57.0;536;6.7;30.5;3.5;0.0
Obst, getrocknet;Fruit, dried;;68.0;70.0;280;0.0;0.0;0.0;0.0
Obstbrand/Obstler (45%);Fruit brandy / fruit brandy (45%);;0.0;0.0;256;0.0;0.0;0.0;36.0
Obstsalat;fruit salad;;9.0;10.0;46;0.4;0.2;1.3;0.0
Ofenkäse;Baked cheese;;1.0;1.0;352;15.0;32.0;0.0;0.0
Oliven, grün;Olives, green;;0.0;3.0;137;1.0;13.0;1.9;0.0
Oliven, schwarz;Olives, black;;1.5;4.9;340;2.0;34.0;3.0;0.0
Olivenöl;olive oil;;0.0;0.0;900;0.0;100.0;0.0;0.0
Omelett;omelet;;0.3;0.6;154;11.0;12.0;0.0;0.0
Orange;orange;;10.0;10.0;50;1.0;0.4;1.4;0.0
Orangensaft;orange juice;;10.0;10.0;40;0.0;0.0;0.0;0.0
Oregano getrocknet;Dried oregano;;3.9;27.0;262;9.1;4.0;41.0;0.0
Ouzo (38% Vol.);Ouzo (38% vol.);;0.0;0.0;178;0.0;0.0;0.0;25.0
Pak Choi;Pak choi;;1.2;1.2;15;1.6;0.2;1.1;0.0
Pangasius;Pangasius;;0.0;0.0;73;16.0;1.0;0.0;0.0
Paniermehl;breadcrumbs;;2.0;52.0;251;5.0;1.9;3.0;0.0
Panko;Panko;;2.0;65.0;360;11.0;5.2;4.4;0.0
Papaya;papaya;;8.0;8.0;39;1.0;0.0;1.4;0.0
Paprika, gelb;Bell pepper, yellow;;5.0;5.0;36;1.0;0.5;3.6;0.0
Paprika, grün;Bell pepper, green;;2.8;2.8;20;1.0;0.2;1.4;0.0
Paprika, rot;Red pepper;;6.2;6.2;33;1.0;0.2;1.4;0.0
Paprikapulver edelsüß;Sweet paprika powder;;5.0;35.0;350;13.0;13.0;20.4;0.0
Paprikapulver Rosenscharf;Paprika powder rose hot;;3.0;36.0;355;13.0;13.0;21.0;0.0
Paranüsse;Brazil nuts;;3.0;4.2;674;13.0;66.0;5.4;0.0
Parmaschinken fettarm;Parma ham low in fat;;0.0;0.0;123;26.0;2.1;0.0;0.0
Parmesan Käse;Parmesan cheese;;0.0;0.0;390;30.0;30.0;0.0;0.0
Passionsfrucht;passion fruit;;13.0;14.0;72;2.0;0.5;1.9;0.0
Pastinaken;parsnips;;1.8;12.0;66;1.3;0.4;4.7;0.0
Pecorino;Pecorino;;0.0;0.0;418;28.0;34.0;0.0;0.0
Pekanüsse;pecans;;2.2;5.0;739;8.0;74.0;10.3;0.0
Peperoni;pepperoni;;5.0;7.5;43;2.0;0.2;1.5;0.0
Petersilienwurzel;parsley root;;4.4;5.5;50;3.0;0.8;4.5;0.0
Pfeffer;pepper;;1.0;60.0;362;10.0;3.5;25.0;0.0
Pfefferbeißer;Pfefferbeißer;;0.0;0.0;379;16.0;35.0;0.0;0.0
Pfefferminze;peppermint;;0.0;15.0;98;3.6;0.9;8.0;0.0
Pfefferminztee;peppermint tea;;0.0;0.0;0;0.0;0.0;0.0;0.0
Pferdefleisch;horsemeat;;0.0;0.0;103;19.0;3.0;0.0;0.0
Pfifferlinge;chanterelles;;0.0;0.0;18;2.0;0.4;3.0;0.0
Pfirsich;peach;;9.0;9.0;48;1.0;0.4;2.4;0.0
Pflanzenöl;vegetable oil;;0.0;0.0;900;0.0;100.0;0.0;0.0
Pflaumen;plums;;11.0;12.0;57;1.0;0.2;1.4;0.0
Pflaumen, getrocknet;Plums, dried;;46.0;55.0;258;3.0;1.0;8.5;0.0
Pflaumenmus;plum jam;;50.0;50.0;207;0.7;0.0;2.0;0.0
Physalis;Physalis;;12.4;13.0;73;2.5;1.0;1.0;0.0
Pilsner Bier;Pilsner beer;;0.2;2.8;40;0.4;0.0;0.1;3.8
Pinienkerne;pine nuts;;1.0;6.0;570;23.0;49.0;6.5;0.0
Pistazien;pistachios;;2.2;10.0;615;15.0;55.0;10.0;0.0
Pita;Pita;;2.0;47.0;233;7.0;1.0;4.0;0.0
Pizza;Pizza;;4.6;30.0;265;10.0;11.0;3.0;0.0
Pizzateig;Pizza dough;;1.0;41.0;199;5.8;1.2;0.7;0.0
Polenta;polenta;;0.8;71.0;336;8.4;1.0;4.8;0.0
Pomelo;Pomelo;;8.0;10.0;48;1.0;0.0;2.0;0.0
Pommes;French fries;;0.3;38.0;306;3.0;15.0;3.4;0.0
Popcorn;Popcorn;;6.0;66.0;356;10.0;4.0;8.0;0.0
Porree / Lauch;Leek / leek;;3.0;3.0;26;1.9;0.2;2.2;0.0
Porridge;porridge;;0.8;12.0;74;2.5;1.4;1.9;0.0
Pralinen gemischt;Mixed chocolates;;48.0;52.0;519;5.7;32.0;0.0;0.0
Preiselbeeren;cranberries;;5.0;5.0;25;0.0;0.0;2.4;0.0
Prosecco;Prosecco;;2.0;2.0;72;0.0;0.0;0.0;9.0
Puddingpulver Vanille;Pudding powder vanilla;;0.1;85.0;343;0.4;0.2;0.0;0.0
Puderzucker;powdered sugar;;100.0;100.0;400;0.0;0.0;0.0;0.0
Pumpernickel;pumpernickel;;4.0;30.0;170;6.0;0.4;11.0;0.0
Putenbrust;turkey breast;;0.0;0.0;97;22.0;1.0;0.0;0.0
Putenfleisch;turkey meat;;0.0;0.0;133;22.0;5.0;0.0;0.0
Putenhackfleisch;ground turkey;;0.0;0.0;119;23.0;3.0;0.0;0.0
Putenleber;turkey liver;;0.0;0.0;134;20.0;6.0;0.0;0.0
Putensalami;turkey salami;;0.0;0.0;286;22.0;22.0;0.0;0.0
Putenschnitzel;Putenschnitzel;;0.0;0.0;97;22.0;1.0;0.0;0.0
Putensteak;turkey steak;;0.0;0.0;97;22.0;1.0;0.0;0.0
Quark, 20%;Curd cheese, 20%;;3.0;3.0;108;12.4;5.1;0.0;0.0
Quark, 40%;Curd cheese, 40%;;4.0;4.0;176;13.0;12.0;0.0;0.0
Quark, Magerquark 0,5%;Quark, low-fat curd 0.5%;;4.0;4.0;72;14.0;0.0;0.0;0.0
Quinoa;quinoa;;1.0;62.0;355;14.7;4.0;5.9;0.0
Quitte;quince;;9.0;9.0;50;0.3;0.4;4.4;0.0
Radicchio;radicchio;;2.0;2.1;15;1.0;0.0;1.4;0.0
Radieschen;radish;;2.0;2.0;16;1.0;0.0;2.0;0.0
Radler;Radler;;4.0;5.0;36;0.0;0.0;1.0;2.0
Ramazotti Kräuterlikör;Ramazotti herbal liqueur;;25.0;25.0;282;0.0;0.0;0.0;25.6
Rapsöl;rapeseed oil;;0.0;0.0;900;0.0;100.0;0.0;0.0
Ratatouille;Ratatouille;;2.5;3.0;28;1.0;1.0;1.7;0.0
Red Bull;Red Bull;;10.9;11.3;45;0.0;0.0;0.0;0.0
Red Bull sugarfree;Red Bull sugarfree;;0.0;0.0;0;0.0;0.0;0.0;0.0
Rehkeule;venison;;0.0;0.0;89;20.0;1.0;0.0;0.0
Rehrücken;venison;;0.0;0.0;125;20.0;5.0;0.0;0.0
Reis gekocht parboiled;Rice cooked parboiled;;0.0;38.0;170;3.5;0.4;0.4;0.0
Reis roh parboiled;Raw parboiled rice;;1.0;74.0;311;3.0;0.1;1.2;0.0
Reismehl;rice flour;;0.0;79.1;354;6.5;1.0;1.4;0.0
Reismilch ungesüßt;Rice milk unsweetened;;0.0;3.0;20;0.1;0.8;0.0;0.0
Reisnudeln roh;Raw rice noodles;;0.0;25.0;107;0.9;0.2;1.0;0.0
Reiswaffel;rice Cake;;0.0;85.0;394;7.0;2.0;4.0;0.0
Remoulade;remoulade;;0.0;0.0;540;0.0;60.0;0.0;0.0
Rettich;radish;;2.2;2.2;19;0.8;0.2;2.6;0.0
Rhabarber;rhubarb;;1.0;1.0;17;1.1;0.3;3.0;0.0
Ricotta;ricotta;;1.0;1.0;192;11.0;16.0;0.0;0.0
Rinderbraten;roast beef;;0.0;0.0;125;20.0;5.0;0.0;0.0
Rinderbrühe;beef broth;;1.7;3.0;35;3.0;1.0;1.0;0.0
Rinderfilet;beef;;0.0;0.0;107;20.0;3.0;0.0;0.0
Rindergulasch;beef goulash;;0.0;0.0;116;20.0;4.0;0.0;0.0
Rinderhackfleisch;ground beef;;0.0;0.0;188;20.0;12.0;0.0;0.0
Rinderhüfte;rump;;0.0;0.0;111;21.0;3.0;0.0;0.0
Rinderleber;beef liver;;0.0;0.0;125;20.0;5.0;0.0;0.0
Rinderroulade;beef Roulade;;2.1;9.4;133;11.4;5.5;0.0;0.0
Rindersteak;beef steak;;0.0;0.0;157;28.0;5.0;0.0;0.0
Rindertalg;beef tallow;;0.0;0.0;900;0.0;100.0;0.0;0.0
Rindertatar;beef tartare;;0.0;0.0;107;20.0;3.0;0.0;0.0
Rinderzunge;beef tongue;;0.0;0.0;146;14.0;10.0;0.0;0.0
Rindswurst;Rindswurst;;0.0;0.0;261;18.0;21.0;0.0;0.0
Rippchen;spareribs;;0.0;0.0;118;15.0;6.5;0.0;0.0
Risotto;Risotto;;0.7;16.4;121;3.5;4.5;0.4;0.0
Roastbeef;roast beef;;0.0;0.0;107;20.0;3.0;0.0;0.0
Roggenbrot;Rye bread;;2.0;46.0;228;6.0;1.0;5.4;0.0
Roggenbrötchen;rye bread;;3.0;55.2;316;12.2;4.1;4.9;0.0
Roggenknäckebrot;rye crispbread;;2.0;66.0;328;8.4;0.4;13.6;0.0
Roggenmehl;rye flour;;6.6;68.0;324;7.0;1.3;6.0;0.0
Roggenmischbrot;Rye bread;;4.4;48.0;241;6.3;1.4;5.4;0.0
Roggenvollkornbrot;Wholemeal bread;;3.0;36.0;199;6.0;1.0;11.0;0.0
Roggenvollkornmehl;Rye flour;;6.0;65.0;348;10.2;2.0;14.8;0.0
Rohrzucker;cane sugar;;100.0;100.0;400;0.0;0.0;0.0;0.0
Rollmops;rollmops;;1.0;1.0;161;14.4;11.0;0.0;0.0
Romadur Käse;Romadur cheese;;0.0;0.0;290;23.0;22.0;0.0;0.0
Romanasalat;Romaine lettuce;;1.1;3.3;22;1.2;0.0;2.2;0.0
Romanesco;Romanesco;;3.0;5.0;41;3.0;0.3;3.2;0.0
Roquefort Käse;Roquefort cheese;;0.0;0.0;350;20.0;30.0;0.0;0.0
Rosenkohl;Brussels sprouts;;3.4;4.4;43;3.4;0.4;4.0;0.0
Rosinen;raisins;;75.0;75.0;322;1.0;1.0;4.4;0.0
Rosinenbrötchen;tea-cake;;7.0;49.0;243;7.0;1.0;4.8;0.0
Rosmarin;rosemary;;0.0;5.0;115;3.3;6.0;14.0;0.0
Roséwein;rosé wine;;3.0;3.0;73;0.0;0.0;0.0;8.6
Rotbarsch;rosefish;;0.0;0.0;120;20.0;4.4;0.0;0.0
Rote Bete;Beetroot;;7.9;8.8;49;1.9;0.2;2.4;0.0
Rote Johannisbeeren;Red currants;;5.0;5.4;36;1.0;0.5;2.7;0.0
rote Linsen roh;raw red lentils;;1.0;47.0;335;25.4;1.8;14.4;0.0
Rote Zwiebeln;Red onions;;4.7;4.7;25;1.2;0.2;0.0;0.0
Rotwein;red wine;;3.0;3.0;81;0.0;0.0;0.0;9.7
Rucola;arugula;;1.9;1.9;28;1.7;1.2;1.6;0.0
Rum (37% Vol.);Rum (37% vol.);;0.0;0.0;210;0.0;0.0;0.0;29.6
Rum (65% Vol.);Rum (65% vol.);;0.0;0.0;369;0.0;0.0;0.0;52.0
Rumkugel;Rumkugel;;22.0;68.8;376;1.4;10.4;1.0;0.0
Rumpsteak;Rumpsteak;;0.0;0.0;201;30.0;9.0;0.0;0.0
Räucherlachs;smoked salmon;;0.0;0.0;146;20.7;7.0;0.0;0.0
Räuchertofu;smoked;;0.7;1.0;162;18.0;9.0;2.6;0.0
Röstzwiebeln;roasted onions;;5.0;39.0;558;6.0;42.0;0.0;0.0
Rübensaft;beet juice;;69.0;69.0;282;0.0;0.0;3.0;0.0
Rührei;scrambled eggs;;1.0;1.0;178;12.0;14.0;0.0;0.0
Rührkuchenteig;Rührkuchenteig;;15.0;57.0;416;6.4;17.9;0.4;0.0
Sahne 10%;Cream 10%;;3.0;3.0;112;2.5;10.0;0.0;0.0
Sahne 20%;Cream 20%;;3.0;3.0;202;2.5;20.0;0.0;0.0
Sahne 30%;Cream 30%;;3.0;3.0;292;2.5;30.0;0.0;0.0
Sahneies;Sahneies;;22.0;22.0;186;2.0;10.0;0.0;0.0
Sahnetorte;cream cake;;8.4;24.0;279;4.0;18.5;0.4;0.0
Saibling;char;;0.0;0.0;93;18.8;2.0;0.0;0.0
Salami;salami;;0.0;0.0;332;20.0;28.0;0.0;0.0
Salamipizza;Salami pizza;;4.6;30.0;300;12.0;14.0;3.0;0.0
Salbei getrocknet;Dried sage;;1.0;43.4;360;10.0;12.0;19.1;0.0
Salz;salt;;0.0;0.0;0;0.0;0.0;0.0;0.0
Salzstangen;Pretzel Sticks;;3.5;70.0;368;10.7;5.0;0.2;0.0
Sanddorn;sea ​​buckthorn;;4.7;5.1;92;1.4;6.7;2.7;0.0
Sandkuchen;Biscuit cake;;16.0;42.0;445;6.0;28.0;0.7;0.0
Sardinen;sardines;;0.0;0.0;196;22.0;12.0;0.0;0.0
Sauce Bolognese;Sauce Bolognese;;4.0;6.0;125;6.9;8.1;0.2;0.0
Sauce Hollandaise;hollandaise sauce;;0.9;0.9;501;2.8;54.0;0.0;0.0
Sauerkirschen;sour cherries;;8.0;9.0;40;0.8;0.0;0.4;0.0
Sauerkirschsaft;Sour cherry juice;;12.0;12.0;48;0.0;0.0;0.0;0.0
Sauerkraut;sauerkraut;;0.8;0.8;15;2.0;0.0;1.7;0.0
Sauerrahm;sour cream;;3.0;4.0;114;2.0;10.0;0.0;0.0
Schafskäse;feta cheese;;0.0;0.0;305;20.0;25.0;0.0;0.0
Schalotten;shallots;;2.0;2.0;18;2.0;0.0;1.0;0.0
Schellfisch;haddock;;0.0;0.0;91;20.0;1.2;0.0;0.0
Schinken roh geräuchert;Ham smoked raw;;0.0;0.0;112;19.0;4.0;0.0;0.0
Schinkenspeck;bacon;;0.0;0.0;332;29.0;24.0;0.0;0.0
Schinkenwurst;ham sausage;;0.0;0.0;246;12.0;22.0;0.0;0.0
Schlagsahne;whipped cream;;2.0;2.0;286;2.0;30.0;0.0;0.0
Schmand;sour cream;;4.0;4.0;294;2.0;30.0;0.0;0.0
Schmelzkäse;cheese spread;;5.0;5.0;275;12.0;23.0;0.0;0.0
Schnaps (40% Vol.);Schnapps (40% vol.);;0.0;0.0;227;0.0;0.0;0.0;32.0
Schnittlauch;chives;;1.9;1.9;32;3.3;0.7;2.4;0.0
Schokokuss;Schokokuss;;52.0;55.0;368;5.0;14.0;1.0;0.0
Schokoladeneis;chocolate ice cream;;22.0;22.0;174;3.0;8.0;1.0;0.0
Schokoladenpudding gekocht;Cooked chocolate pudding;;10.0;19.0;113;3.3;2.5;0.7;0.0
Schokolierte Apfelringe;Chocolate apple rings;;51.7;57.9;376;3.2;13.9;3.4;0.0
Schokolierte Früchte gemischt;Mixed chocolate fruits;;48.4;55.7;377;3.1;15.2;2.4;0.0
Schokomüsli;Chocolate muesli;;23.0;62.0;412;10.0;12.0;8.0;0.0
Schokoriegel;chocolate bar;;47.0;60.0;498;9.0;24.0;3.0;0.0
Scholle;plaice;;0.0;0.0;73;16.0;1.0;0.0;0.0
Schupfnudeln;Schupfnudeln;;2.2;31.2;154;3.0;1.4;2.1;0.0
Schwarzbrot;Black bread;;3.8;39.2;231;10.0;2.4;6.4;0.0
Schwarze Bohnen;Black beans;;1.0;44.0;316;25.4;0.7;16.0;0.0
Schwarze Johannisbeeren;Black currants;;4.4;6.3;40;1.3;0.2;3.8;0.0
Schwarzer Johannisbeersaft;Black currant juice;;3.0;3.0;13;0.1;0.1;0.0;0.0
Schwarzwurzel;salsify;;0.8;1.8;23;1.2;0.3;4.1;0.0
Schweinebauch;pork belly;;0.0;0.0;400;19.0;36.0;0.0;0.0
Schweinebraten;roast pork;;0.0;0.0;111;21.0;3.0;0.0;0.0
Schweinefilet;pork tenderloin;;0.0;0.0;116;20.0;4.0;0.0;0.0
Schweinegulasch;pork goulash;;0.0;0.0;111;21.0;3.0;0.0;0.0
Schweinehackfleisch;ground pork;;0.0;0.0;305;20.0;25.0;0.0;0.0
Schweinehaxe;pork;;0.0;0.0;250;22.0;18.0;0.0;0.0
Schweinekotelett;pork chop;;0.0;0.0;111;21.0;3.0;0.0;0.0
Schweineleber;pork liver;;0.0;0.0;125;20.0;5.0;0.0;0.0
Schweinerücken;pork;;0.0;0.0;63;11.0;2.1;0.0;0.0
Schweineschmalz;lard;;0.0;0.0;900;0.0;100.0;0.0;0.0
Schweineschnitzel paniert und gebraten;Breaded pork schnitzel and fried;;0.2;11.0;209;20.0;9.3;0.8;0.0
Schweineschnitzel, roh;Pork cutlet, raw;;0.0;0.0;111;21.0;3.0;0.0;0.0
Schweineschulter;pork shoulder;;0.0;0.0;153;18.0;9.0;0.0;0.0
Schweinezunge;pork tongue;;0.0;0.0;111;21.0;3.0;0.0;0.0
Schwertfisch;swordfish;;0.0;0.0;164;23.0;8.0;0.0;0.0
Seehecht;hake;;0.0;0.0;93;17.0;2.8;0.0;0.0
Seelachs;coalfish;;0.0;0.0;79;18.0;0.8;0.0;0.0
Seeteufel;monkfish;;0.0;0.0;69;15.0;1.0;0.0;0.0
Seezunge;sole;;0.0;0.0;77;17.0;1.0;0.0;0.0
Seitan;Seitan;;0.0;12.0;368;75.0;2.0;1.0;0.0
Sekt, halbtrocken;Sparkling wine, semi-dry;;4.0;4.0;87;0.0;0.0;0.0;10.0
Sekt, trocken;Dry sparkling wine;;2.0;2.0;79;0.0;0.0;0.0;10.0
Semmelknödel;dumplings;;1.4;45.6;284;12.0;5.4;2.3;0.0
Senf;mustard;;1.0;6.0;76;4.3;3.0;4.0;0.0
Serrano Schinken;Serrano ham;;0.0;0.4;203;30.0;9.0;0.0;0.0
Sesam;sesame;;1.0;9.0;559;15.0;49.0;10.9;0.0
Sesammehl;sesame flour;;2.0;17.0;344;29.0;14.0;17.0;0.0
Sesamöl;sesame oil;;0.0;0.0;900;0.0;100.0;0.0;0.0
Shiitake Pilze frisch;Shiitake mushrooms fresh;;0.4;19.4;94;3.2;0.2;1.0;0.0
Skyr 0.2%;Skyr 0.2%;;4.0;4.0;62;11.0;0.2;0.0;0.0
Softeis;Soft ice cream;;20.0;20.0;106;2.0;2.0;0.0;0.0
Sojabohne;Soybean;;2.0;10.1;170;15.5;7.1;1.9;0.0
Sojaflocken;soy flakes;;0.0;3.0;340;37.0;20.0;0.0;0.0
Sojajoghurt;soy yogurt;;12.0;17.0;88;2.4;1.1;0.5;0.0
Sojamehl;soy flour;;5.0;22.4;348;50.0;3.0;15.5;0.0
Sojamilch;soy milk;;4.0;6.0;55;3.3;1.9;0.5;0.0
Sojasauce;soy sauce;;0.8;4.9;57;8.0;0.5;0.4;0.0
Sojasprossen;bean sprouts;;2.1;4.9;55;5.0;1.1;2.5;0.0
Sonnenblumenbrot;Sunflower Bread;;2.1;32.5;216;6.0;5.1;7.9;0.0
Sonnenblumenkerne;Sunflower seeds;;2.9;11.4;557;19.0;47.0;6.0;0.0
Sonnenblumenöl;Sunflower oil;;0.0;0.0;900;0.0;100.0;0.0;0.0
Sorbit;sorbitol;;0.0;100.0;260;0.0;0.0;0.0;0.0
Spaghetti Bolognese;spaghetti bolognese;;1.4;21.0;171;9.0;5.4;1.1;0.0
Spaghetti gekocht;Cooked spaghetti;;0.5;30.0;157;6.0;1.0;1.8;0.0
Spaghetti roh;Spaghetti raw;;1.0;33.0;171;7.0;1.0;1.0;0.0
Spare Ribs mariniert;Spare ribs marinated;;1.0;2.0;221;17.5;15.9;0.0;0.0
Spargel;asparagus;;2.0;2.0;20;1.9;0.2;1.2;0.0
Speck;bacon;;0.0;0.0;785;5.0;85.0;0.0;0.0
Spezi Mezzo Mix;Spezi Mezzo Mix;;10.0;10.0;40;0.0;0.0;0.0;0.0
Spiegelei;fried egg;;1.0;1.0;178;12.0;14.0;0.0;0.0
Spinat;spinach;;2.0;2.0;27;2.0;0.8;1.7;0.0
Spinat mit Rahm;Spinach with cream;;4.0;4.0;90;2.0;7.0;1.7;0.0
Spitzkohl;cabbage;;2.7;2.8;26;1.7;0.3;2.6;0.0
Sprite;Sprite;;9.1;9.1;36;0.0;0.0;0.0;0.0
Spätzle;spaetzle;;0.0;25.6;138;3.8;1.8;1.9;0.0
Stachelbeeren;gooseberries;;8.0;8.0;48;1.4;0.5;3.0;0.0
Stangensellerie;celery;;0.7;2.0;19;1.0;0.2;2.7;0.0
Staudensellerie;celery;;0.0;2.0;18;1.0;0.2;2.3;0.0
Steckrüben;turnips;;5.1;6.0;34;1.0;0.4;1.4;0.0
Steinpilze;ceps;;0.0;1.0;31;4.0;0.0;5.5;0.0
Stevia Pulver;Stevia powder;;0.0;0.0;0;0.0;0.0;0.0;0.0
Stollen;stollen;;25.0;44.0;421;4.0;25.0;2.0;0.0
Stremellachs;Stremellachs;;0.1;0.1;208;25.0;12.0;0.0;0.0
Stroh 80;Straw 80;;0.0;0.0;454;0.0;0.0;0.0;64.0
Studentenfutter;nuts and raisins;;38.0;45.0;485;13.0;26.8;5.9;0.0
Suppenfleisch Rind;Beef soup;;0.0;0.0;162;18.0;10.0;0.0;0.0
Suppenhuhn;boiling fowl;;0.0;0.0;240;15.0;20.0;0.0;0.0
Surimi;surimi;;0.0;7.0;96;15.0;0.9;0.0;0.0
Sushi;sushi;;0.0;23.5;126;6.5;0.7;0.0;0.0
Sülze Hausmacher Art;Jellied housemaker Art;;1.3;1.4;167;11.0;13.0;0.0;0.0
Süßkartoffeln;sweet potatoes;;6.0;26.3;127;1.6;1.2;2.1;0.0
Süßkirschen;sweet cherries;;13.4;14.0;65;1.0;0.2;1.4;0.0
Süßlupinenmehl;sweet lupine flour;;2.0;10.0;324;43.0;12.0;2.0;0.0
Süßstoff;sweetener;;0.0;0.0;0;0.0;0.0;0.0;0.0
Tabasco;Tabasco;;3.0;7.0;69;2.4;3.5;0.0;0.0
Tafelspitz mager roh;Tafelspitz lean raw;;1.0;1.0;102;20.0;2.0;0.0;0.0
Tahina Sesampaste;Tahina sesame paste;;0.5;21.0;656;17.0;54.0;9.0;0.0
Tamarillo;Tamarillo;;8.0;10.0;60;1.5;1.2;1.5;0.0
Tamarinde;tamarind;;57.0;65.0;272;2.0;0.5;0.0;0.0
Tee schwarz;Black tea;;0.0;0.0;0;0.0;0.0;0.0;0.0
Teewurst;Teewurst;;0.0;0.0;489;12.0;49.0;0.0;0.0
Thunfisch;tuna;;0.0;0.0;114;24.0;2.0;0.0;0.0
Tilsiter Käse;Tilsiter cheese;;1.0;1.0;326;22.0;26.0;0.0;0.0
Tintenfisch;Octopus;;0.0;0.0;69;15.0;1.0;0.0;0.0
Tiramisu;Tiramisu;;18.0;30.4;248;5.4;11.7;0.0;0.0
Toastbrot;toast;;3.0;49.4;248;7.0;1.6;4.0;0.0
Tofu;tofu;;0.0;2.0;76;8.0;4.0;0.2;0.0
Tomate;tomato;;3.4;4.0;24;1.0;0.3;0.4;0.0
Tomaten, getrocknet;Tomatoes, dried;;6.0;15.9;163;5.9;5.4;13.5;0.0
Tomaten, passiert;Tomatoes, happens;;4.0;4.0;26;1.0;0.1;2.4;0.0
Tomatenmark;tomato paste;;6.0;7.0;41;1.6;0.2;2.4;0.0
Tomatensaft;tomato juice;;3.6;3.8;20;0.8;0.1;0.4;0.0
Tomatensauce;Tomato sauce;;4.0;7.1;40;1.2;0.4;1.6;0.0
Tomatensuppe;tomatosoup;;3.5;7.0;34;0.7;0.3;0.5;0.0
Tonic Water;Tonic water;;9.0;9.0;36;0.0;0.0;0.0;0.0
Topinambur;Jerusalem artichokes;;10.0;17.0;79;2.0;0.0;1.6;0.0
Tortellini;tortellini;;1.0;45.0;305;14.0;7.2;2.0;0.0
Tortenguss;glaze;;0.0;77.0;311;0.2;0.2;0.0;0.0
Tortilla;tortilla;;0.0;46.0;226;7.0;1.0;2.4;0.0
Traubenkernöl;Grapeseed oil;;0.0;0.0;900;0.0;100.0;0.0;0.0
Traubensaft;grape juice;;17.0;17.0;68;0.0;0.0;0.0;0.0
Traubenzucker;glucose;;100.0;100.0;400;0.0;0.0;0.0;0.0
Trinkschokolade;drinking chocolate;;13.4;14.7;100;2.5;3.5;0.0;0.0
Trinkwasser;Drinking water;;0.0;0.0;0;0.0;0.0;0.0;0.0
Trockenhefe;dry yeast;;0.0;31.0;313;35.0;1.0;20.0;0.0
Trüffel;truffle;;1.0;8.0;68;8.0;0.5;0.0;0.0
Tzatziki;tzatziki;;1.0;6.0;101;3.5;7.0;0.0;0.0
Vanillepudding gekocht;Cooked custard;;14.0;20.0;106;3.0;1.5;0.0;0.0
Vanilleschote;vanilla bean;;13.0;13.0;53;0.1;0.1;0.0;0.0
Vanillezucker;vanilla sugar;;100.0;100.0;400;0.0;0.0;0.0;0.0
Vollkornbrot;Whole grain bread;;2.0;36.0;208;7.0;2.4;7.0;0.0
Vollkornbrötchen;whole-grain bread rolls;;2.0;44.0;246;7.0;3.0;7.3;0.0
Vollkornhaferflocken;Whole grain oats;;1.0;55.0;360;13.8;6.8;11.7;0.0
Vollkornknäckebrot;Vollkornknäckebrot;;1.7;65.0;341;9.0;1.6;15.1;0.0
Vollkornreis roh;Whole grain rice raw;;2.0;72.0;324;3.0;2.0;3.0;0.0
Vollkorntoastbrot;Whole wheat toast;;3.0;36.0;221;7.0;3.4;9.0;0.0
Vollmilchschokolade;Milk chocolate;;53.0;53.0;534;8.0;32.0;1.0;0.0
Wacholderbeeren;juniper berries;;1.0;33.0;353;19.0;13.4;12.0;0.0
Walnussmehl entölt;De-oiled walnut flour;;7.0;15.0;478;30.0;30.0;14.0;0.0
Walnussöl;walnut oil;;0.0;0.0;900;0.0;100.0;0.0;0.0
Walnüsse;walnuts;;5.0;12.4;678;10.3;64.0;5.4;0.0
Wassereis;water ice;;25.0;25.0;100;0.0;0.0;0.0;0.0
Wassermelone;watermelon;;6.0;6.0;28;0.8;0.0;0.4;0.0
Weinbrand/Cognac (40%);Brandy / Cognac (40%);;0.0;0.0;227;0.0;0.0;0.0;32.0
Weingeist/Sprit (95%);Wine spirit / fuel (95%);;0.0;0.0;540;0.0;0.0;0.0;76.0
Weinsauerkraut;sauerkraut;;1.7;1.9;22;1.5;0.5;2.0;0.0
Weinschorle;spritzer;;2.0;2.0;45;0.0;0.0;0.0;5.2
Weintrauben;grapes;;14.0;14.0;71;1.0;1.0;1.0;0.0
Weizenbier alkoholfrei;Wheat beer non-alcoholic;;3.6;5.3;24;0.4;0.1;0.0;0.0
Weizengras Pulver;Wheatgrass powder;;0.0;2.3;171;14.7;1.4;45.0;0.0
Weizengrieß;wheat semolina;;0.8;66.0;322;9.0;1.0;6.4;0.0
Weizenkeimöl;Wheat germ oil;;0.0;0.0;900;0.0;100.0;0.0;0.0
Weizenkleie;wheat bran;;2.0;12.0;256;18.3;4.0;49.4;0.0
Weizenknäckebrot;wheat crispbread;;3.0;74.0;367;11.0;1.7;5.8;0.0
Weizenkorn;wheat grain;;0.0;0.0;216;0.0;0.0;0.0;30.4
Weizenmehl 405;Wheat flour 405;;1.0;70.9;343;10.8;1.0;3.5;0.0
Weizenstärke;wheat starch;;0.0;88.0;366;0.8;1.0;0.8;0.0
Weizenvollkornmehl;Whole wheat flour;;0.7;63.4;322;8.8;1.6;9.5;0.0
Weißbier Weizenbier;Wheat beer;;3.0;5.0;47;0.0;0.0;0.0;3.8
Weißbrot;White bread;;2.0;52.0;251;5.0;1.9;3.0;0.0
Weiße Bohnen roh;White beans raw;;4.0;16.0;96;5.5;0.3;3.5;0.0
Weiße Schokolade;White chocolate;;65.0;65.0;546;4.0;30.0;0.0;0.0
Weißkohl;white cabbage;;5.0;5.0;30;1.0;0.0;3.0;0.0
Weißwein;White wine;;4.0;4.0;88;0.0;0.0;0.0;10.2
Weißweinessig;White wine vinegar;;0.1;1.0;5;0.2;0.0;0.0;0.0
Weißweinschorle;White wine spritzer;;2.0;2.0;44;0.0;0.0;0.0;5.1
Weißwurst;Weißwurst;;0.0;0.0;265;10.0;25.0;0.0;0.0
Welsfilet;Catfish;;0.0;0.0;183;18.7;12.0;0.0;0.0
Weltmeisterbrot;Champions Bread;;3.0;36.0;232;8.0;5.0;5.5;0.0
Whey Protein natur;Natural whey protein;;0.0;0.0;364;85.0;2.7;0.0;0.0
Whisky (40% Vol.);Whiskey (40% vol.);;0.0;0.0;227;0.0;0.0;0.0;32.0
Wiener Schnitzel gebr.;Wiener Schnitzel used;;0.0;13.0;233;20.0;11.0;1.2;0.0
Wiener Würstchen;Wiener sausages;;0.0;0.2;243;11.1;22.0;0.0;0.0
Wildente;wild duck;;0.0;0.0;122;11.0;8.7;0.0;0.0
Wildlachs;Wild salmon;;0.0;0.0;99;18.0;3.0;0.0;0.0
Wildreis gekocht;Boiled wild rice;;0.6;27.0;138;5.4;0.5;2.1;0.0
Wildreis gemischt roh;Wild rice mixed raw;;0.0;77.0;370;9.0;2.0;4.0;0.0
Wildreis roh;Wild rice raw;;2.0;73.0;369;14.0;1.0;6.0;0.0
Wildschwein;wild boar;;0.0;0.0;147;21.0;7.0;0.0;0.0
Windbeutel;cream puff;;4.2;27.0;294;5.0;18.4;0.4;0.0
Wirsing;savoy;;2.0;2.0;23;2.0;0.1;3.0;0.0
Wodka (40% Vol.);Vodka (40% vol.);;0.0;0.0;227;0.0;0.0;0.0;32.0
Wurstsalat;sausage salad;;0.8;3.4;298;2.6;30.4;0.0;0.0
Xylit;xylitol;;0.0;100.0;240;0.0;0.0;0.0;0.0
Zander;pike-perch;;0.0;0.0;89;20.0;1.0;0.0;0.0
Zartbitterschokolade 50%;Dark chocolate 50%;;45.0;45.0;498;7.0;30.0;10.0;0.0
Zartbitterschokolade 75%;Dark chocolate 75%;;28.0;28.0;523;8.5;41.0;4.0;0.0
Zartbitterschokolade 85%;Dark chocolate 85%;;13.0;19.0;574;10.0;50.0;4.0;0.0
Zartbitterschokolade 90%;Dark chocolate 90%;;7.0;14.0;601;10.0;55.0;5.0;0.0
Ziegenfrischkäse;Goat cheese;;3.5;3.5;164;9.0;12.7;0.0;0.0
Ziegenkäse;goat cheese;;0.0;0.0;324;22.4;26.0;0.0;0.0
Zimt;cinnamon;;2.2;30.0;253;4.0;1.2;53.0;0.0
Zitrone;lemon;;3.0;3.0;33;1.4;0.6;5.0;0.0
Zitronengras;lemongrass;;3.0;25.3;116;1.5;0.5;1.9;0.0
Zitronensaft;lemon juice;;1.7;2.4;13;0.3;0.2;0.4;0.0
Zucchini;zucchini;;2.0;2.0;22;3.0;0.0;1.0;0.0
Zucker;sugar;;100.0;100.0;400;0.0;0.0;0.0;0.0
Zuckerrübensirup;sugar syrup;;79.0;81.0;329;1.0;0.1;0.0;0.0
Zuckerschoten;sugar snap;;8.0;9.0;63;4.0;1.0;1.0;0.0
Zwieback;zwieback;;12.0;72.0;423;10.0;10.0;2.4;0.0
Zwiebel;onion;;4.0;6.0;33;1.0;0.0;2.3;0.0
Zwiebelkuchen;Onioncake;;1.0;12.0;199;6.9;13.4;1.4;0.0
Zwiebelmettwurst;Zwiebelmettwurst;;0.0;0.0;285;15.0;25.0;0.0;0.0
