100 Grand Bar;1;"bar - each 1.5 OZ - 2 pieces - 2 1/4"" x 1"" each";23.606;1.984;0.255;17.75;2.562;1.427;2.634
3 Musketeers;1;"regular size bar - each 2.13 OZ - 4 7/8"" long";36.91;2.232;0.28;31.849;1.652;1.593;0.316
5th Avenue;1;"regular size bar - each 2 OZ - 5 1/2"" long";29.076;1.855;0.307;25.052;1.242;1.113;0.569
After Eight Thin Chocolate Mints;5;piece;28.001;0.038;0.038;27.093;1.437;0;0.251
Agave syrup (agave nectar);1;tablespoon;14.286;2.61;11.676;0;0;0;0
Air Heads;3;"bar - each 0.55 OZ - 3 1/2"" long";26.192;4.699;0.297;19.018;0;2.178;6.977
Almond bark, homemade;1.5;ounce;24.673;0;0;20.649;4.485;0;0
Almond bark, homemade, nuts;1.5;ounce;19.195;0.017;0.011;16.096;3.409;0.004;0.073
Almond bark, store bought;1.5;ounce;26.967;0;0;25.898;1.069;0;0
Almond Joy;1;"regular size bar - each 1.61 OZ - 2 pieces - 2 3/4"" long per piece";18.184;2.084;0.45;13.884;0.892;1.25;0.171
Almond Roca (Brown & Haley);3;piece - each 0.44 OZ;15.218;0.01;0.016;14.767;0.403;0.002;0.143
Almond Roca Sugar Free (Brown & Haley);3;piece;0.434;0.062;0.019;0.34;0.003;0.003;0.16
Almond Supremes (Brach's);10;piece;16.741;0.048;0.043;15.678;1.652;0.016;0.354
Andes Cherry Jubilee Thins;9;piece;22.68;0.001;0.043;20.343;2.263;0;0.464
Andes Creme de Menthe Thins;9;piece;22.68;0.001;0.043;20.343;2.263;0;0.464
Andes Creme de Menthe Thins Sugar Free;7;piece;0.141;0.07;0.048;0.024;0;0;0.51
Andes Mint Parfait Thins;9;piece;22.68;0.001;0.043;20.343;2.263;0;0.464
Andes Toffee Crunch Thins;9;piece;24.846;0.165;0.061;21.915;2.546;0.119;0.464
Aplets (Liberty Orchards);3;piece;24.001;1.844;0.202;20.617;0;1.339;0.004
Aspartame, powdered;1;packet;0.807;0.807;0;0;0;0;0.084
Aspartame, tablet;1;tablet;0.064;0;0;0;0.064;0;0.012
Atomic Fireballs;3;piece;10.693;1.501;0.16;7.939;0;1.093;0
Baby Ruth;1;"regular size bar - each 2.1 OZ - 4 1/2"" long";32.4;4.116;1.164;26.25;0.828;1.326;0.408
Barfi or burfi candy (Indian fudge);1;"piece - each 1 7/8"" x 1 1/2"" x 3/4""";16.582;0.002;0.002;15.416;1.158;0.002;0.018
Bit-O-Honey;1;"bar - each 1.7 OZ - 4 1/4"" long - 6 sections";23.137;4.421;0.585;14.299;0.655;3.144;0.009
Blow Pop (Charms);1;lollipop;11.322;1.589;0.169;8.406;0;1.157;0
Boston Baked Beans candy;0.25;cup;28.65;1.098;0;26.573;0;0.979;1.986
Bottle Caps (Wonka);13;piece;13.04;13.01;0;0;0;0.03;0.96
Breath mint;1;regular piece;1.07;0.15;0.016;0.794;0;0.109;0
Breath mint, sugar free;1;piece;0;0;0;0;0;0;0
Bridge Mix (Brach's);15;piece;21;1.432;1.116;16.98;1.484;0.456;0.316
Brown sugar;1;teaspoon;4.447;0.062;0.051;4.334;0;0;0
Buncha Crunch;0.333;cup;20.228;0.059;0.059;19.392;1.202;0.022;3.249
Burger King breakfast syrup;0.25;cup;32.971;18.253;10.364;0;0;4.354;0
Butterfinger;1;"regular size bar - each 2.1 OZ - 5 1/2"" long";27.54;3.048;0.468;20.508;1.368;2.118;1.524
Butterfinger Crisp Bar;1;bar - each 2.1 OZ - 2 pieces;27.54;3.048;0.468;20.508;1.368;2.118;1.524
Butterfinger Snackerz;10;piece;16.955;1.904;0.328;12.574;0.836;1.294;0.931
Buttermels (Switzer's);6;piece;21.79;2.389;0.255;14.915;2.202;1.739;0
Butterscotch chips;1;tablespoon;7.129;0;0;6.556;0.564;0;0
Butterscotch hard candy;3;piece;10.064;1.413;0.15;7.472;0;1.029;0
Butterscotch hard candy, sugar free;3;piece;0;0;0;0;0;0;0
Cadbury Dairy Milk Bar;0.5;bar - each 3.5 OZ;25.55;0.099;0.099;23.169;3.77;0;0.66
Cadbury Fruit and Nut Bar;0.5;bar - each 3.5 OZ;25.198;1.441;1.534;20.691;2.525;0.007;0.603
Cadbury Roast Almond Bar;0.5;bar - each 3.5 OZ;21.78;0.099;0.099;18.852;3.026;0;0.62
Cadbury Royal Dark Bar;0.5;bar - each 3.5 OZ;23.764;0;0;22.945;0.819;0;1.88
Candy cane or sticks;1;cane;9.435;1.325;0.141;7.005;0;0.964;0
Candy cigarettes;8;cigarette;10.064;1.413;0.15;7.472;0;1.029;0
Candy coated chocolate pieces, sugar free;0.25;cup;0.753;0;0.022;0.565;0.162;0;0.637
Candy coated dark chocolate pieces;0.25;cup;29.612;0.049;0.049;27.218;2.137;0;2.333
Candy coated dark chocolate pieces, with peanuts;0.25;cup;19.966;0.029;0.029;18.461;1.35;0;1.821
Candy coated milk chocolate pieces;0.25;cup;33.114;0.073;0.073;29.916;2.813;0;2.605
Candy coated milk chocolate pieces, with peanuts;0.25;cup;21.569;0.064;0.043;22.27;1.275;0.017;0.561
Candy coated peanut butter;0.25;cup;24.963;0.029;0.027;24.909;0;0;3.098
Candy coated peanuts;0.25;cup;28.65;1.098;0;26.573;0;0.979;1.986
Candy corn;8;piece;14.598;0.425;0;13.125;0;0.315;0
Candy covered almonds;0.25;cup;30.469;0.01;0;30.283;0;0.029;0.224
Candy necklace;1;each;13.209;1.854;0.197;9.807;0;1.35;0
Caramel candy;4;"piece - approx 3/4"" cube";26.462;7.11;0.76;7.446;5.83;5.175;0
Caramel candy, chocolate flavored;4;"piece - approx 3/4"" cube";26.462;7.11;0.76;7.446;5.83;5.175;0
Caramel candy, chocolate flavored with nuts;4;"piece - approx 3/4"" cube";26.516;7.112;0.761;7.496;5.83;5.175;0.001
Caramel candy, chocolate flavored with nuts, homemade;4;"piece - approx 3/4"" cube";19.39;1.479;0.16;15.853;0.823;1.075;0.001
Caramel candy, chocolate flavored, homemade;4;"piece - approx 3/4"" cube";19.335;1.477;0.158;15.802;0.823;1.075;0
Caramel candy, homemade;4;"piece - approx 3/4"" cube";19.335;1.477;0.158;15.802;0.823;1.075;0
Caramel candy, sugar free;2;piece;0.973;0;0;0;0.973;0;0
Caramel candy, with nuts;4;"piece - approx 3/4"" cube";26.516;7.112;0.761;7.496;5.83;5.175;0.001
Caramel candy, with nuts, homemade;4;"piece - approx 3/4"" cube";19.39;1.479;0.16;15.853;0.823;1.075;0.001
Caramel Creams;4;piece;11.485;5.268;0.31;4.056;0.798;1.063;17.637
Caramello;1;"regular size bar - each 1.6 OZ - 4 1/2"" long (4 sections)";24.999;2.555;0.327;16.864;4.364;1.815;0.406
Carob bar;1;bar - each 1.5 OZ;14.505;0.447;0;10.878;3.075;0;0.038
Carob chips, sweetened;1;tablespoon;5.27;0.065;0;5.204;0;0;0.004
Carob chips, unsweetened;1;tablespoon;3.159;0.335;0;0.917;1.861;0;0.02
Carob covered almonds;0.25;cup;8.173;0.259;0.023;6.275;1.536;0.009;0.172
Carob covered cashews;0.25;cup;8.313;0.24;0.017;6.464;1.536;0;2.342
Carob covered peanuts;0.25;cup;15.938;1.02;0.009;14.879;0;0;0.306
Carob covered raisins;0.25;cup;26.125;6.522;6.413;12.873;0;0;0.613
Carob covered walnuts;0.25;cup;7.803;0.24;0.019;5.952;1.536;0;0.032
Charleston Chew, Chocolate;1;"bar - each 1.88 OZ - 8 5/8"" x 1""";27.926;3.978;0.441;19.918;0.67;2.896;0.166
Charleston Chew, Strawberry;1;"bar - each 1.88 OZ - 8 5/8"" x 1""";27.926;3.978;0.441;19.918;0.67;2.896;0.166
Charleston Chew, Vanilla;1;"bar - each 1.88 OZ - 8 5/8"" x 1""";27.926;3.978;0.441;19.918;0.67;2.896;0.166
Charms Pops;1;lollipop;9.435;1.325;0.141;7.005;0;0.964;0
Cherry Cordials (Brach's);2;piece;30.961;0.08;0.066;30.289;0.82;0.001;0.144
Chewing gum;1;piece;1.91;0.082;0;1.82;0;0.008;0
Chewing gum, sugar free;1;piece;0;0;0;0;0;0;0
Chewy Lemonhead & Friends;26;piece;28;1.116;0.119;25.953;0;0.812;4.26
Chewy Runts (Wonka);1;package - each 1.8 OZ;43.192;42.114;0.138;0;0;0.94;0
Chewy Spree (Wonka);1;pouch - each 1.7 OZ;35.598;35.405;0;0;0;0.193;6.168
Chocolate bar, with caramel and nougat;1;regular size bar - each 2.05 OZ;35.073;1.296;0.174;31.005;2.121;0.971;0.314
Chocolate bar, with coconut;1;regular size bar - each 1.75 OZ - 2 pieces;21.001;2.205;0.24;17.165;0;1.225;1.593
Chocolate bar, with coconut center and almonds;1;regular size bar - each 1.61 OZ - 2 pieces;18.184;2.084;0.45;13.884;0.892;1.25;0.171
Chocolate bar, with peanut butter;1;package - each 1.5 OZ - 2 cups;19.811;0.042;0.042;19.853;1.315;0;0.491
Chocolate bar, with peanut butter, sugar free;0.5;package - each 3 OZ - 5 cups;0.601;0.009;0.024;0.453;0.114;0;0.501
Chocolate bar, with peanuts and caramel;1;bar - each 1.8 OZ;24.014;2.715;0.577;17.814;1.516;1.674;0.194
Chocolate bar, with peanuts, caramel and nougat;1;regular size bar - each 2.1 OZ;32.4;4.116;1.164;26.25;0.828;1.326;0.408
Chocolate bar, with toffee;1;regular size bar - each 1.4 OZ;23.357;0.031;0.031;22.538;1.244;0;0.207
Chocolate candy, coconut center;3;piece - each 0.5 OZ;18.001;1.89;0.206;14.713;0;1.05;1.365
Chocolate candy, coconut center, sugar free;3;piece - each 0.5 OZ;0.375;0.059;0.071;0.018;0.222;0;0.315
Chocolate candy, cream center;1;large - each 1.52 OZ;30.711;1.514;0.108;29.124;0;0.645;0.421
Chocolate candy, fondant center;1;large - each 1.52 OZ;30.711;1.514;0.108;29.124;0;0.645;0.421
Chocolate candy, fruit or jelly center;3;piece;24.666;6.081;4.826;13.242;0.894;0;5.557
Chocolate candy, fruit or jelly center, sugar free;3;piece - each 0.5 OZ;0.301;0;0.033;0.016;0.245;0;0.349
Chocolate candy, marshmallow center;4;medium - medium egg - each 0.4 OZ;24.526;2.691;0.31;18.167;1.003;1.94;0.986
Chocolate candy, mint center;1;"large - 2 1/2"" diameter x 1/2""";30.711;1.514;0.108;29.124;0;0.645;0.421
Chocolate candy, peppermint center;1;"large - 2 1/2"" diameter x 1/2""";30.711;1.514;0.108;29.124;0;0.645;0.421
Chocolate candy, peppermint center, sugar free;4;piece;0.218;0;0.076;0.045;0.086;0;0.812
Chocolate Caramel Peanut Cluster (Brach's);3;piece;18.191;2.502;0.296;10.817;3.241;1.798;0.767
Chocolate chips, sugar free;1;tablespoon;0.076;0;0.033;0.029;0;0;0.354
Chocolate covered bridge mix;0.25;cup;24.413;1.665;1.297;19.739;1.725;0.53;0.367
Chocolate covered caramel;7;piece - each 0.2 OZ;26.851;1.126;0.126;21.063;2.902;0.819;0.126
Chocolate covered caramel, sugar free;7;piece;0.394;0.15;0.026;0.013;0.199;0;0.283
Chocolate covered cherries;2;piece;30.961;0.08;0.066;30.289;0.82;0.001;0.144
Chocolate covered chow mein noodles and nuts;3;"piece - approx 1 1/2"" diameter";17.688;0.856;0.045;15.636;0.645;0.229;4.771
Chocolate covered nuts other than almonds or peanuts;0.25;cup;11.937;0.067;0.05;10.886;1.615;0;2.327
Chocolate covered peanut butter egg;0.5;medium - each 4 OZ;26.745;0.057;0.057;26.802;1.775;0;0.663
Chocolate covered peanut clusters;3;piece;15.868;0.068;0.068;14.413;2.28;0;0.644
Chocolate covered peanuts;0.25;cup;14.002;0.425;0.089;13.127;1.3;0.279;0.656
Chocolate covered peanuts, sugar free;0.25;cup;0.815;0;0.027;0.729;0.06;0;0.808
Chocolate covered pecans and caramel (e.g. turtles);3;piece;22.501;1.715;0.209;17.096;2.299;1.226;0.113
Chocolate covered pecans and caramel, sugar free (e.g. turtles);3;piece;0.867;0.04;0.056;0.315;0.453;0;0.203
Chocolate covered raisins, sugar free;0.25;cup;16.7;7.777;8.342;0.138;0.076;0;1.016
Chocolate covered toffee;6;piece - each 0.25 OZ;24.493;0.032;0.032;23.716;1.229;0;0.217
Chocolate covered toffee, nuts;4;piece;17.759;0.012;0.019;17.232;0.471;0.003;0.167
Chocolate covered toffee, sugar free;3;piece;0.459;0.005;0.039;0.136;0.268;0.001;0.4
Chocolate creme egg;1;medium - each 1 OZ;20.712;1.021;0.073;19.642;0;0.435;0.284
Chocolate malted milk balls;14;ball;25.749;1.104;0.126;20.32;3.358;0.84;0.341
Chocolate nonpareil candy;14;piece;21.409;0.028;0.028;20.73;1.075;0;4.349
Chocolate sprinkles (Jimmies);2;tablespoon;13.304;0;0.028;13.275;0;0;0.303
Chocolate truffles;3;piece;23.468;0.091;0.091;21.281;3.463;0;0.606
Chocolate truffles, homemade;1;piece;12.489;1.021;0.023;11;0.129;0;0.708
Chocolate truffles, sugar free;3;piece;0.376;0;0.041;0.02;0.306;0;0.435
Chuckles;4;piece - each 0.4 OZ;27.914;9.085;7.203;11.626;0;0;8.101
Chunky Bar;0.333;bar - each 4.25 OZ;18.496;1.451;1.548;14.125;2.256;0;0.704
Cinnamon Bears;20;piece;21.905;3.325;0.355;15.805;0;2.42;0
Cinnamon disks;3;piece;11.322;1.589;0.169;8.406;0;1.157;0
Cinnamon disks, sugar free;3;piece;0;0;0;0;0;0;0
Circus Peanuts;6;piece;29.014;1.982;0;25.344;0;1.688;0
Classic Fruit Chocolates (Liberty Orchards);3;piece;26.001;0.78;0.149;24.514;0.159;0.397;2.959
Coconut candy;1;bar - each 1.4 OZ;25.572;1.416;0.137;21.577;0;0.974;0
Conversations hearts;12;small piece;9.435;1.325;0.141;7.005;0;0.964;0
Cotlets (Liberty Orchards);3;piece;24.001;1.844;0.202;20.617;0;1.339;0.004
Cotton candy;2;cone - each approx 3 cups;26.418;3.709;0.395;19.614;0;2.701;0
Crystal Light Sugar Free Chewy Candy;8;piece;0.571;0.19;0.19;0.19;0;0;0
Crystal Light Sugar Free Hard Candy;5;piece;0;0;0;0;0;0;0
Crystal Light Sugar Free Hard Candy Energy;5;piece;0;0;0;0;0;0;0
Crystal Light Sugar Free Hard Candy Immunity;5;piece;0;0;0;0;0;0;0
Cut Rock Candy (Brach's);3;piece;9;1.099;0;7.12;0;0.781;0
Dark chocolate bar 45%-59% cacao;1;regular size bar - each 1.45 OZ;19.639;0;0;18.963;0.676;0;1.554
Dark chocolate bar 60%-69% cacao;1;regular size bar - each 1.45 OZ;15.051;0;0;14.92;0.127;0;2.075
Dark chocolate bar 70%-85% cacao;1;regular size bar - each 1.45 OZ;9.836;0;0;9.836;0;0;2.64
Dark chocolate bar, sugar free;0.5;bar - each 2.9 OZ;0.6;0;0.098;0.078;0.378;0;1.043
Dark chocolate bar, with almonds;1;bar - each 1.45 OZ;16.198;0.001;0.001;15.645;0.545;0.007;1.309
Dark chocolate candy pieces;9;kiss;19.639;0;0;18.963;0.676;0;1.554
Dark chocolate chips, 45%-59% cacao;1;tablespoon;5.029;0;0;4.856;0.173;0;0.398
Dark chocolate chips, 60%-69% cacao;1;tablespoon;3.855;0;0;3.821;0.033;0;0.531
Dark chocolate chips, 70%-85% cacao;1;tablespoon;2.519;0;0;2.519;0;0;0.676
Dark chocolate covered almonds;0.25;cup;17.448;0.012;0.007;16.83;0.591;0.003;1.406
Dark chocolate covered coffee beans;0.25;cup;17;0.016;0.104;17.748;0;0;3.012
Dark chocolate covered raisins;0.25;cup;26;2.411;2.578;20.477;0.42;0;1.199
Dark Fruit Chocolates (Liberty Orchards);3;piece;26.001;0.78;0.149;24.514;0.159;0.397;2.959
Dark Fruit Chocolates, Sugar Free (Liberty Orchards);2;piece;2.334;0.234;0.091;1.849;0.159;0;0.102
Divinity;3;piece;37.14;2.088;0.225;33.29;0.003;1.513;0
Divinity (Divinity Fudge);3;"piece - each 1"" x 1"" x 1""";25.067;1.41;0.156;22.478;0.003;1.017;0.003
Divinity, with nuts;3;piece;37.268;2.092;0.229;33.409;0.003;1.513;0.003
Dots, all flavors;11;piece;20;3.498;0.374;13.582;0;2.546;2
Double Dippers (Brach's);15;piece;18.031;0.052;0.052;16.776;1.987;0;1.518
Dove Almond Dark Chocolate Bar;1;bar - each 1.2 OZ;13.062;0.001;0.001;12.616;0.439;0.006;1.055
Dove Promises, Almond Dark Chocolate;5;piece;15.484;0.001;0.001;14.955;0.521;0.007;1.251
Dove Promises, Almond Milk Chocolate;5;piece;16.62;0.064;0.064;15.097;2.399;0.007;0.474
Dove Promises, Caramel Milk Chocolate;5;piece;18.591;1.18;0.173;15.266;1.987;0.821;0.348
Dove Promises, Dark Chocolate;5;piece;19.16;0;0;18.5;0.66;0;1.516
Dove Promises, Milk Chocolate;5;piece;20.6;0.08;0.08;18.68;3.04;0;0.532
Dove Promises, Peanut Butter Milk Chocolate;5;piece;17.031;0.06;0.06;15.591;2.28;0;0.607
Dove Promises, Raspberry & Dark Chocolate Swirl;8;piece;18.964;0;0;18.268;0.695;0;1.263
Dove Roasted Almonds Covered in Dark Chocolate;14;piece;14.814;0.001;0.001;14.311;0.489;0.012;1.217
Dove Roasted Almonds Covered in Milk Chocolate;14;piece;16;0.061;0.061;14.542;2.292;0.009;0.472
Dove Silky Smooth 71% Cacao Dark Chocolate Bar;1;bar - each 1.45 OZ;9.139;0;0;9.139;0;0;2.453
Dove Silky Smooth Almond Milk Chocolate Bar;1;bar - each 1.2 OZ;14.021;0.054;0.054;12.735;2.024;0.006;0.4
Dove Silky Smooth Dark Chocolate Bar;1;bar - each 1.45 OZ;19.543;0;0;18.87;0.673;0;1.546
Dove Silky Smooth Milk Chocolate Bar;1;bar - each 1.45 OZ;21.012;0.082;0.082;19.054;3.101;0;0.543
Dove Silky Smooth Peanut Butter Milk Chocolate Bar;1;bar - each 1.2 OZ;14.367;0.051;0.051;13.152;1.923;0;0.512
Dove Silky Smooth Raspberry & Dark Chocolate Swirl Bar;1;bar - each 1.45 OZ;19.343;0;0;18.633;0.709;0;1.289
Dove Silky Smooth White & Milk Chocolate Swirl Bar;1;bar - each 1.45 OZ;22.678;0.052;0.052;20.424;3.517;0;0.349
Dove Sugar Free Silky Smooth Chocolate Creme Dark Chocolates;5;piece;0.152;0;0.101;0.05;0;0;1.084
Dove Sugar Free Silky Smooth Peanut Butter Creme Chocolates;5;piece;0.57;0.008;0.023;0.429;0.108;0;0.475
Dove Sugar Free Silky Smooth Raspberry Creme Dark Chocolates;5;piece;0.152;0;0.101;0.05;0;0;1.084
Dulce de calabaza (sweetened pumpkin);1.5;ounce;29.973;0.105;0.08;29.788;0;0;0.02
Dulce de camote (sweetened sweet potato);1.5;ounce;30.44;0.069;0.055;29.89;0;0.426;0.666
Dulce de leche;2;tablespoon;18.901;0.646;0.122;15.873;1.87;0;0
Dum Dum Pops;2;pop;8.177;1.148;0.122;6.071;0;0.836;0
Equal Next;1;packet;0.857;0.856;0;0;0;0.001;0.026
Equal Original;1;packet;0.858;0.857;0;0;0;0.001;0.026
Equal Saccharin;1;packet;0.852;0.852;0;0;0;0;0.039
Equal Spoonful;1;teaspoon;0.018;0.005;0;0;0;0.014;0.438
Equal Sucralose;1;packet;0.79;0.786;0;0;0;0.004;0.121
Equal Tablet;1;tablet;0.064;0;0;0;0.064;0;0
Everlasting Gobstoppers (Wonka);9;piece;14;14;0;0;0;0;0
Exceptionals Chocolate Waterfall Bar (Wonka);0.5;bar - each 3.5 OZ;26.545;0.066;0.066;23.926;4.094;0;0.439
Exceptionals Domed Dark Chocolate Bar (Wonka);0.5;bar - each 3.5 OZ;24.254;0.031;0.031;22.956;1.725;0;1.5
Exceptionals Scrumdiddlyumptious Chocolate bar (Wonka);0.5;bar - each 3.5 OZ;24.153;0.031;0.03;22.197;2.335;0;2.161
Fifty 50 No Sugar Added Low Glycemic Caramel Filled Dark Chocolate Bar;1;bar - each 1.4 OZ;0.707;0.083;0.091;0.045;0.417;0.07;3.206
Fifty 50 No Sugar Added Low Glycemic Raspberry Filled Dark Chocolate Bar;1;bar - each 1.4 OZ;0.758;0.119;0.091;0.045;0.417;0.085;3.713
Fifty 50 Sugar Free Low Glycemic Almond Chocolate Bar;0.5;bar - each 2.8 OZ - 14 squares;0.714;0.002;0.036;0.328;0.329;0.01;0.458
Fifty 50 Sugar Free Low Glycemic Butterscotch Hard Candy;4;piece;0;0;0;0;0;0;0
Fifty 50 Sugar Free Low Glycemic Crunch Chocolate Bar;0.5;bar - each 2.2 OZ - 14 squares;0.35;0;0.032;0.018;0.292;0;1.947
Fifty 50 Sugar Free Low Glycemic Hard Candy, all flavors;4;piece;0;0;0;0;0;0;0
Fondant;23;medium;35.987;1.048;0;32.356;0;0.777;0
French Burnt Peanuts;0.25;cup;18.212;1.316;0.141;15.797;0;0.958;0.592
Fructose sweetener;1;teaspoon;3.785;0;3.785;0;0;0;0.298
Fruit butter;1;tablespoon;4.994;0.489;1.121;3.38;0;0;0.01
Fruit by the Foot, all flavors (Betty Crocker);1;roll - each 0.75 OZ;8.993;0.62;0.894;7.13;0;0.346;6.428
Fruit Chocolates, Sugar Free (Liberty Orchards);2;piece;2.334;0.234;0.091;1.849;0.159;0;0.102
Fruit Delights (Liberty Orchards);3;piece;29;2.325;0.253;24.733;0;1.689;0.005
Fruit Delights, Sugar Free (Liberty Orchards);3;piece;0.194;0.003;0.003;0.188;0;0;1.515
Fruit Gushers, all flavors (Betty Crocker);1;pouch - each 0.9 OZ;11.991;1.177;2.167;8.117;0;0.526;4.465
Fruit leather (fruit roll-up), homemade;1;ounce;8.836;2.779;1.047;5.01;0;0;0.085
Fruit leather (fruit roll-up), store bought;1;roll - each 0.5 OZ;6.989;1.67;1.562;2.963;0;0.79;0
Fruit preserve filling;1;tablespoon;9.7;2.84;1.38;4.72;0;0.84;0
Fruit Roll-Ups Stickerz, all flavors (Betty Crocker);1;pouch - each 0.74 OZ;8.99;0.937;1.314;6.296;0;0.439;5.624
Fruit Roll-Ups, all flavors (Betty Crocker);1;roll - each 0.5 OZ;6.989;1.67;1.562;2.963;0;0.79;0
Fruit snacks;1;pouch - each 0.8 OZ;11.994;4.123;4.296;1.104;0;1.706;0
Fruit Snacks (Farley's);1;pouch - each 1 OZ;22.1;4.269;4.677;11.268;0;1.192;1.42
Fruit Snacks, all types (Betty Crocker);1;pouch - each 0.8 OZ;11.994;4.123;4.296;1.104;0;1.706;0
Fruit snacks, fortified with vitamin C;1;pouch - each 0.9 OZ;13.558;4.661;4.856;1.247;0;1.928;0
Fruit Splash Sugar Free Hard Candy (Sweet 'N Low);4;piece;0;0;0;0;0;0;0
Fudge, chocolate;2;"piece - each 1"" x 1"" x 1""";32.589;0.484;0.053;31.04;0.636;0.353;0.48
Fudge, chocolate and peanut butter;2;"piece - each 1"" x 1"" x 1""";27.588;0.231;0.036;26.717;0.435;0.158;0.389
Fudge, chocolate, chocolate covered;2;"piece - each 1"" x 1"" x 1""";29.61;0.365;0.063;27.893;1.448;0.247;0.512
Fudge, chocolate, chocolate covered, with nuts;2;"piece - each 1"" x 1"" x 1""";27.189;0.331;0.062;25.585;1.399;0.22;0.477
Fudge, chocolate, with nuts;2;"piece - each 1"" x 1"" x 1""";32.708;0.488;0.057;31.151;0.636;0.353;0.483
Fudge, peanut butter;2;"piece - each 1"" x 1"" x 1""";27.588;0.231;0.036;26.717;0.435;0.158;0.389
Fudge, peanut butter, with nuts;2;"piece - each 1"" x 1"" x 1""";24.252;0.207;0.037;23.483;0.379;0.137;0.391
Fudge, penuche (brown sugar);2;"piece - each 1"" x 1"" x 1""";32.182;0.682;0.232;30.305;0.605;0.336;0.019
Fudge, rocky road chocolate, peanuts, marshmallows;2;"piece - each 2"" x 1""";17.409;0.661;0.121;14.882;1.926;0.44;0.718
Fudge, vanilla and other flavors;2;"piece - each 1"" x 1"" x 1""";35.169;0.289;0.031;34.045;0.579;0.21;0
Fudge, vanilla and other flavors, with nuts;2;"piece - each 1"" x 1"" x 1""";30.731;0.256;0.032;29.744;0.504;0.183;0.003
Fun Dip (Wonka);1;pouch - each 0.5 OZ;12.04;12.01;0;0;0;0.03;0.96
Gerber Graduates For Preschoolers Fruit Twists, all flavors;1;each;7.766;1.756;3.932;1.194;0;0;0
Gerber Graduates For Preschoolers Juice Treats, all flavors;1;pouch - each 1 OZ;19.6;4.626;0;11.693;0;3.287;2.526
Gerber Graduates For Toddlers Juice Treats, all flavors;1;packet - each 1 OZ;19.6;4.626;0;11.693;0;3.287;2.526
Gerber Graduates For Toddlers Yogurt Melts, all flavors;1;pouch - each 0.14 OZ;2.318;0.028;0.034;1.484;0.746;0;0.521
Giant Chewy Nerds (Wonka);1;bag - each 1.8 OZ;35;17.068;0.25;15.981;0;1.701;1.768
Goo Goo Cluster, Original;1;bar - each 1.75 OZ;26.086;3.067;0.344;14.793;5.615;2.238;0.895
Goo Goo Cluster, Peanut Butter;1;bar - each 1.5 OZ;17.065;0.035;0.035;17.1;1.105;0;0.71
Goo Goo Cluster, Supreme;1;bar - each 1.5 OZ;19.795;2.252;0.275;13.406;2.557;1.611;0.495
Goobers;10;piece;15.036;0.456;0.096;14.096;1.396;0.3;0.704
Good & Fruity;20;piece;25.098;1.345;0.179;22.614;0;0.959;5.543
Good & Plenty;33;piece;25;1.393;0.183;22.427;0;0.995;5.26
Grenadine syrup;2;tablespoon;21.759;7.977;8.571;3.945;0;1.274;0
Gum drops;10;"medium - approx 3/4"" diameter";25.847;8.413;6.67;10.765;0;0;7.501
Gum drops, sugar free;8;piece;0;0;0;0;0;0;2.667
Gummi bears;18;piece;22.859;2.891;0.556;17.485;0;1.927;0
Gummi bears, sugar free;24;piece;0.6;0.6;0;0;0;0;0
Gummi dinosaurs;7;piece;25.457;3.219;0.619;19.472;0;2.146;0
Gummi dinosaurs, sugar free;7;piece;0.648;0.648;0;0;0;0;0
Gummi fish;7;regular piece;30.999;8.837;7.054;13.655;0;1.453;0.953
Gummi fish, sugar free;7;regular piece;0.617;0.617;0;0;0;0;0
Gummi worms;6;piece;25.63;3.241;0.624;19.604;0;2.161;0
Gummi worms, sugar free;6;piece;0.653;0.653;0;0;0;0;0
Halvah;0.25;bar - each 8 OZ;10.57;1.232;0.149;8.314;0;0.875;0.021
Halvah, chocolate covered;0.25;package - each 8 OZ - 2 bars;13.49;1.05;0.143;11.169;0.684;0.733;0.137
Hard candy;3;piece;11.322;1.589;0.169;8.406;0;1.157;0
Hard candy, sugar free;5;piece;0;0;0;0;0;0;0
Heath Bar;1;"regular size bar - each 1.4 OZ - 2 pieces - 2 3/4"" long per piece";22.743;0.03;0.03;22.022;1.142;0;0.202
Hershey-ets;50;piece;25.79;0.057;0.057;23.299;2.191;0;2.029
Hershey's 100 Calorie Bars Crisp Wafer Bar;1;bar - each 0.63 OZ;8.902;0.006;0.006;6.4;2.584;0.004;2.96
Hershey's 100 Calorie Bars Dark Chocolate Bar;1;bar - each 0.63 OZ;8.555;0;0;8.26;0.295;0;0.677
Hershey's 100 Calorie Bars Pretzel Bar;1;bar - each 0.71 OZ;9.052;0.004;0.004;7.433;1.672;0.005;4.042
Hershey's Bliss Dark Chocolate;6;piece;20.597;0;0;19.888;0.709;0;1.63
Hershey's Bliss Milk Chocolate;6;piece;22.145;0.086;0.086;20.081;3.268;0;0.572
Hershey's Bliss White Chocolate;6;piece;25.37;0;0;22.618;4.214;0;0
Hershey's Caramel Filled Chocolates Sugar Free;5;piece;0.398;0.152;0.027;0.013;0.201;0;0.286
Hershey's Chocolates Sugar Free;5;piece;0.155;0.053;0.044;0.022;0.037;0;0.467
Hershey's Cookies 'n' Creme;1;"regular size bar - each 1.55 OZ - 5 3/8"" long";19.024;0.628;0.099;14.87;2.966;0.461;3.483
Hershey's Cookies 'n' Milk Chocolate;0.25;extra large bar - each 6.5 OZ - 15 blocks;21.053;0.057;0.075;19.658;2.175;0.006;5.159
Hershey's Drops Cookies 'n' Creme;14;piece;19.024;0.628;0.099;14.87;2.966;0.461;3.483
Hershey's Drops Milk Chocolate;15;piece;21.115;0.082;0.082;19.147;3.116;0;0.545
Hershey's Extra Creamy Milk Chocolate with Toffee & Almonds;4;"nugget - 1"" long";22.121;0.072;0.071;20.388;2.724;0.002;0.479
Hershey's Hugs;9;piece;21.5;0.056;0.056;19.388;3.304;0;0.372
Hershey's Kisses;9;kiss;21.115;0.082;0.082;19.147;3.116;0;0.545
Hershey's Kisses Air Delight Aerated Milk Chocolate;9;kiss;16.855;0.065;0.065;15.284;2.487;0;0.435
Hershey's Kisses Almonds;9;kiss;17.56;0.08;0.08;15.2;2.44;0;0.5
Hershey's Kisses Milk Chocolate Meltaway;9;kiss;21.115;0.082;0.082;19.147;3.116;0;0.545
Hershey's Kisses Special Dark;9;kiss;19.639;0;0;18.963;0.676;0;1.554
Hershey's Kisses with Caramel;9;kiss;23.605;1.99;0.261;17.131;3.639;1.409;0.359
Hershey's Milk Chocolate Bar;1;"regular size bar - each 1.55 OZ - 5 3/8"" long";22.145;0.086;0.086;20.081;3.268;0;0.572
Hershey's Milk Chocolate Bar Almonds;1;"regular size bar - each 1.45 OZ - 5 1/4"" long";17.999;0.082;0.082;15.58;2.501;0;0.512
Hershey's Special Dark Chocolate Bar;1;"regular size bar - each 1.45 OZ - 5 3/8"" long";19.639;0;0;18.963;0.676;0;1.554
Hershey's Special Dark Chocolate Nugget, Almonds;4;"nugget - 1"" long";16;0.003;0;15.448;0.541;0.009;1.279
Hershey's Special Dark Chocolate Nugget, Sugar Free;5;piece;0.226;0.074;0.102;0.05;0;0;1.087
Honey;1;tablespoon;17.399;7.575;8.674;0.189;0.002;0.305;0
Hot Tamales, all flavors;20;piece;23;2.651;0.283;18.136;0;1.93;3.878
Jam or preserves;1;tablespoon;9.7;2.84;1.38;4.72;0;0.84;0
Jam or preserves, reduced sugar;1;tablespoon;5.78;0.953;1.03;3.798;0;0;0.017
Jam or preserves, sugar free with aspartame;1;tablespoon;0.59;0.24;0.295;0.057;0;0;0.005
Jam or preserves, sugar free with saccharin;1;tablespoon;5.293;2.54;2.744;0.015;0;0;0.024
Jam or preserves, sugar free with sucralose;1;tablespoon;0.408;0.264;0.085;0.007;0;0.051;1.646
Jam or preserves, without sugar or artificial sweetener;1;tablespoon;8.228;3.836;4.265;0.132;0;0;0.007
Jawbreakers;3;"medium - 1/2"" diameter";10.699;1.502;0.16;7.944;0;1.094;0
Jellied fruit slices;3;piece;27.693;9.014;7.146;11.534;0;0;8.037
Jelly;1;tablespoon;9.094;2.662;1.294;4.425;0;0.788;0
Jelly beans;14;piece;29.4;6.938;0;17.539;0;4.931;3.788
Jelly beans, fortified with vitamin C;25;piece;28;6.608;0;16.704;0;4.696;3.608
Jelly beans, sugar free;32;piece;0.488;0.488;0;0;0;0;3.17
Jelly, reduced sugar;1;tablespoon;5.78;0.953;1.03;3.798;0;0;0.017
Jelly, sugar free with aspartame;1;tablespoon;0.59;0.24;0.295;0.057;0;0;0.005
Jelly, sugar free with saccharin;1;tablespoon;5.293;2.54;2.744;0.015;0;0;0.024
Jelly, sugar free with sucralose;1;tablespoon;0.408;0.264;0.085;0.007;0;0.051;1.646
Jelly, without sugar or artificial sweetener;1;tablespoon;8.228;3.836;4.265;0.132;0;0;0.007
Jolly Rancher Gummies;10;piece;23.545;2.714;0.29;18.565;0;1.976;0
Jolly Rancher Sugar Free Hard Candy, all flavors;4;piece;0;0;0;0;0;0;0
Jolly Rancher, all flavors;3;piece;11.322;1.589;0.169;8.406;0;1.157;0
Jordan Almonds;12;piece;29.798;0.018;0.012;29.756;0;0.004;0.076
Ju Jubes;0.25;cup;23.4;6.234;0;11.7;0;5.466;7.8
Jube Jels (Brach's);0.25;cup;32.001;10.416;8.258;13.328;0;0;9.287
Jujyfruits;16;piece;22;8.314;0;6.396;0;7.289;2.816
Junior Mints;16;piece;32.235;0;0;32.07;0.165;0;1.879
Kit Kat;1;"regular size bar - each 1.5 OZ - 4 strips - 3 5/8"" long each strip";23.508;0.069;0.069;22.536;1.398;0.026;3.775
Kit Kat Dark;1;bar - each 1.5 OZ - 4 pieces;21.018;0;0;20.732;0.283;0.006;5.205
Kit Kat Extra Crispy;1;bar - each 1.6 OZ;24.602;0.072;0.072;23.585;1.463;0.027;3.951
Kit Kat White;1;bar - each 1.5 OZ - 4 pieces;22.021;0;0;19.631;3.655;0.005;3.65
Krackel Bar;5;"miniature size - each 0.3 OZ - 1 3/4"" long (from Assorted package)";23.508;0.069;0.069;22.536;1.398;0.026;3.775
Ladoo candy (Indian sweet);1;"ball - each 1 3/4"" diameter";16.695;0;0.153;16.44;0.008;0;6.876
Laffy Taffy (Wonka);1;"bar - each 1.5 OZ - 6 1/2"" long";19.868;10.587;0;0;0;9.282;0
Lemon curd, homemade;1;tablespoon;6.923;0.139;0.092;6.69;0.001;0;0
Lemon curd, store bought;1;tablespoon;11.068;0.059;0.022;10.987;0.001;0;0
Lemon drops;4;piece;10.693;1.501;0.16;7.939;0;1.093;0
Lemon drops, sugar free;4;piece;0;0;0;0;0;0;0
Lemonheads;11;piece;12.1;0.658;0.07;10.893;0;0.479;0
Licorice;4;stick - rope;18.542;3.648;0.418;11.871;0;2.6;7.665
Licorice Bridge Mix;2;tablespoon;24.456;2.827;0.304;19.27;0;2.054;0.51
Licorice, sugar free;4;stick - rope;0.026;0;0;0.021;0;0.009;15.297
Lifesavers Creme Savers;1;piece;3.667;0.193;0.021;3.313;0;0.14;0
Lifesavers Gummi Savers;1;piece;2.373;0.452;0;1.525;0;0.397;0.234
Lifesavers, 5 Flavors;1;piece;2.264;0.146;0.016;1.996;0;0.106;0
Lifesavers, all other flavors;1;piece;3.75;0.162;0;3.446;0;0.142;0
Lifesavers, Butter Rum;1;piece;3.25;0.148;0.023;2.975;0;0.102;0
Lifesavers, Sugar Free;1;piece;0;0;0;0;0;0;0
M & M's Almond;0.25;cup;24.652;0.071;0.065;22.274;2.055;0.004;1.98
M & M's Coconut;0.25;cup;33.114;0.073;0.073;29.916;2.813;0;2.605
M & M's Dark Chocolate;0.25;cup;29.612;0.049;0.049;27.218;2.137;0;2.333
M & M's Dark Chocolate Peanut;0.25;cup;19.966;0.029;0.029;18.461;1.35;0;1.821
M & M's Minis;0.25;cup;33.114;0.073;0.073;29.916;2.813;0;2.605
M & M's Mint;0.25;cup;33.114;0.073;0.073;29.916;2.813;0;2.605
M & M's Peanut;0.25;cup;21.569;0.064;0.043;22.27;1.275;0.017;0.561
M & M's Peanut Butter;0.25;cup;24.854;0.048;0.048;22.767;1.836;0;2.069
M & M's Plain;0.25;cup;33.114;0.073;0.073;29.916;2.813;0;2.605
M & M's Pretzel;0.25;cup;19.186;0.131;0.082;17.086;1.605;0.145;10.937
Mamba Fruit Chews;10;piece;23.334;11.667;0;11.667;0;0;1.667
Mamba Sour Fruit Chews;10;piece;18.333;9.166;0;9.167;0;0;2.5
Maple Nut Goodies (Brach's);8;piece;22.089;1.027;0.114;20.213;0;0.735;0.407
Maple syrup, pure;0.25;cup;47.612;1.26;0.41;45.927;0;0;0
Marmalade;1;tablespoon;9.7;2.84;1.38;4.72;0;0.84;0
Marmalade, reduced sugar;1;tablespoon;5.78;0.953;1.03;3.798;0;0;0.017
Marmalade, sugar free with aspartame;1;tablespoon;0.59;0.24;0.295;0.057;0;0;0.005
Marmalade, sugar free with saccharin;1;tablespoon;5.293;2.54;2.744;0.015;0;0;0.024
Marmalade, sugar free with sucralose;1;tablespoon;0.408;0.264;0.085;0.007;0;0.051;1.646
Marmalade, without sugar or artificial sweetener;1;tablespoon;8.228;3.836;4.265;0.132;0;0;0.007
Marshmallow;4;large;16.577;2.491;0.265;11.223;0;1.814;0.757
Marshmallow creme;5;tablespoon;14.479;2.979;0.319;9.015;0.003;2.163;0
Marshmallow Peeps;5;chick;31.466;5.21;0;21.688;0;4.568;0
Marshmallow, candy coated;3;egg - each 0.5 OZ;30.526;2.332;0.248;25.514;0;1.699;0.709
McDonald's honey sauce;1;tablespoon;17.399;7.575;8.674;0.189;0.002;0.305;0
Mellocreme Pumpkins;6;piece;32.999;1.744;0.186;29.799;0;1.27;0
Mentos;5;piece;13.335;0.388;0;11.99;0;0.288;0
Mexican chocolate (e.g. Ibarra or Abuelita);2;tablet;29.187;0.028;0.042;28.501;1.064;0;0.336
Mike and Ike Fruit Twists;3;piece;21;2.106;0.44;16.974;0;1.453;9.451
Mike and Ike Italian Ice;23;piece;26.25;6.195;0;15.66;0;4.403;3.383
Mike and Ike Zours;23;piece;26.25;6.195;0;15.66;0;4.403;3.383
Mike and Ike, fruit flavors;23;piece;28;6.608;0;16.704;0;4.696;3.608
Milk chocolate bar;1;regular size bar - each 1.55 OZ;22.145;0.086;0.086;20.081;3.268;0;0.572
Milk chocolate bar, sugar free;0.5;bar - each 2.9 OZ;0.383;0;0.041;0.021;0.312;0;0.443
Milk chocolate bar, with almonds;1;regular size bar - each 1.45 OZ;17.999;0.082;0.082;15.58;2.501;0;0.512
Milk chocolate bar, with almonds, sugar free;0.5;bar - each 2.9 OZ;0.611;0.011;0.043;0.274;0.267;0.003;0.427
Milk chocolate bar, with cereal;1;"regular size bar - each 1.55 OZ - 5 1/2"" long";24;0.07;0.07;23.008;1.427;0.026;3.854
Milk chocolate bar, with cereal, sugar free;0.5;bar - each 2.2 OZ - 14 squares;0.35;0;0.032;0.018;0.292;0;1.947
Milk chocolate bar, with fruit and nuts;0.5;bar - each 3.5 OZ;25.198;1.441;1.534;20.691;2.525;0.007;0.603
Milk chocolate bar, with nuts other than almonds or peanuts;1;bar;14.2;0.059;0.056;12.894;2.057;0;0.75
Milk chocolate bar, with peanuts;1;regular size bar - each 1.75 OZ;23.001;0.029;0.029;18.101;4.861;0.029;1.397
Milk Chocolate Bun, all flavors (Pearson's);1;bar - each 1.75 OZ;28.74;0.05;0.05;27.54;1.9;0;0.623
Milk chocolate candy pieces;9;kiss;21.115;0.082;0.082;19.147;3.116;0;0.545
Milk chocolate candy pieces, with almonds;9;piece;17.56;0.08;0.08;15.2;2.44;0;0.5
Milk chocolate candy pieces, with cereal;1;bag - each 1.4 OZ;21.649;0.063;0.063;20.754;1.287;0.024;3.477
Milk chocolate chips;1;tablespoon;5.408;0.021;0.021;4.904;0.798;0;0.14
Milk chocolate covered almonds;0.25;cup;7.86;0.076;0.058;7.129;0.969;0.012;0.384
Milk chocolate covered coffee beans;0.25;cup;19.82;0.088;0.096;18.088;2.672;0;0.992
Milk chocolate covered raisins;0.25;cup;27.999;2.997;2.759;17.276;1.557;0.338;0.261
Milk Duds;14;piece;21.816;3.41;0.27;14.505;1.819;1.748;0.137
Milk Maid Caramels (Brach's);5;piece;18.751;3.647;0.39;5.731;6.198;2.653;0
Milk Maid Royals (Brach's);6;piece;20.4;3.848;0.411;8.091;5.154;2.799;0
Milky Way;1;"regular size bar - each 2.05 OZ - 3 3/4"" long";35.073;1.296;0.174;31.005;2.121;0.971;0.314
Milky Way, Midnight Dark;1;"bar - each 1.76 OZ - 3 3/4"" long";30.227;4.393;0.001;21.639;0.345;3.847;0.561
Milky Way, Simply Caramel;1;bar - each 1.9 OZ;31;5.032;0.043;20.365;1.868;4.374;0.284
Mint candy;23;medium;35.987;1.048;0;32.356;0;0.777;0
Mint Patties, Chocolate (Pearson's);5;patty;27.001;1.31;0.14;24.463;0.134;0.954;0.307
Molasses, blackstrap;1;tablespoon;9.002;1.557;1.662;5.657;0;0;0
Molasses, dark;1;tablespoon;11.688;2.511;2.694;6.192;0;0;0
Molasses, light;1;tablespoon;11.688;2.511;2.694;6.192;0;0;0
Molasses, medium;1;tablespoon;11.688;2.511;2.694;6.192;0;0;0
Mounds Bar Dark Chocolate;1;"regular size bar - each 1.75 OZ - 2 pieces - 2 1/2"" long per piece";21.001;2.205;0.24;17.165;0;1.225;1.593
Mr. Goodbar;1;"regular size bar - each 1.75 OZ - 5"" long";23.001;0.029;0.029;18.101;4.861;0.029;1.397
Munch Bar;1;bar - each 1.42 OZ;14.168;0.051;0.005;14.072;0.003;0.037;0.805
NatraTaste Blue;1;packet;0.807;0.807;0;0;0;0;0.084
NatraTaste Gold;1;packet;0.79;0.786;0;0;0;0.004;0.121
Nerds (Wonka);1;box - each 1.65 OZ;43.901;21.804;0;22.097;0;0;0
Nerds Rope (Wonka);1;rope - each 0.92 OZ;20;8.085;0.116;11.009;0;0.791;0
Nestle Butterfinger Stixx;2;stick;15.606;1.727;0.265;11.621;0.775;1.2;0.864
Nestle Crunch Bar;1;"regular size bar - each 1.55 OZ - 5 1/2"" long";24;0.07;0.07;23.008;1.427;0.026;3.854
Nestle Crunch Crisp Bar;2;bar;16.211;0.032;0.024;15.642;0.836;0.032;6.667
Nestle Crunch Stixx;2;stick;16.412;0.048;0.048;15.732;0.975;0.022;5.554
Nestle Milk Chocolate Bar;1;"bar - each 1.45 OZ - 5 1/2"" long";21.17;0.082;0.082;19.197;3.124;0;0.547
Nips, all other flavors;2;piece;8.13;1.167;0.125;5.988;0;0.85;0
Nips, Parfait Flavors;2;piece;7.999;0.922;0.099;6.307;0;0.671;0
Nips, Sugar Free;2;piece;0.043;0;0;0;0.043;0;0
Nougat;5;piece;24.385;2.979;0;19.29;0;2.117;0
Nougat, homemade;3;piece;37.98;7.469;8.545;21.012;0.004;0.302;0
Nougat, homemade, with nuts;3;piece;19.959;3.782;4.309;11.366;0.002;0.16;0.151
Now and Later;9;piece;24.41;5.294;0;14.474;0;4.642;0
Nut Goodie (Pearson's);1;"bar - each 1.75 OZ - 2 1/2"" diameter";28.74;0.05;0.05;27.54;1.9;0;0.623
NutraSweet The Original;1;packet;0.807;0.807;0;0;0;0;0.084
Ocean Spray Fruit Snacks, all types;1;pouch - each 0.8 OZ;11.994;4.123;4.296;1.104;0;1.706;0
Oh Henry!;1;"bar - each 1.8 OZ - 2 pieces - 2 1/4"" long each";24.014;2.715;0.577;17.814;1.516;1.674;0.194
Pancake syrup, buttered blends;0.25;cup;37;20.55;13.599;0;0;2.852;0
Pancake syrup, buttered blends, lite;0.25;cup;19.68;0.396;0.042;18.96;0;0.282;0
Pancake syrup, buttered blends, sugar free;0.25;cup;0;0;0;0;0;0;0
Pancake syrup, fruit flavored;0.25;cup;44;24.514;18.462;0;0;1.023;0
Pancake syrup, fruit flavored, sugar free;0.25;cup;0;0;0;0;0;0;0
Pancake syrup, maple-flavored;0.25;cup;33.076;18.311;10.397;0;0;4.368;0
Pancake syrup, maple-flavored, lite;0.25;cup;19.68;0.396;0.042;18.96;0;0.282;0
Pancake syrup, maple-flavored, sugar free;0.25;cup;0;0;0;0;0;0;0
Payday;1;"regular size bar - each 1.85 OZ - 4 1/2"" long";21.177;0.906;0.097;19.422;0.093;0.66;0.814
Peanut bar;1;"bar - each 1.6 OZ - 4"" long";18.999;0.617;0.086;17.865;0;0.432;0.486
Peanut Bar Original (Planters);1;"bar - each 1.6 OZ - 4"" long";14.204;1.365;0.146;11.699;0;0.994;0.939
Peanut brittle;5;"medium piece - approx 1 3/4"" x 1 3/4""";16.149;1.973;0.224;12.517;0;1.426;0.438
Peanut brittle, sugar free;5;"medium piece - approx 1 3/4"" x 1 3/4""";0.797;0;0;0.797;0;0;0.584
Peanut butter chips;1;tablespoon;4.852;0.008;0.008;4.837;0;0;0.224
Peanut Butter Poppins (Brach's);25;piece;21.614;0.078;0.043;20.551;1.652;0;0.452
Peanut Clusters (Brach's);3;piece;15.868;0.068;0.068;14.413;2.28;0;0.644
Pecan praline;1;"patty - approx 2"" diameter x 3/4""";37.221;1.024;0.35;34.48;0.847;0.504;0.04
Peppermint hard candy;3;piece;9.624;1.351;0.144;7.145;0;0.984;0
Peppermint hard candy, sugar free;3;piece;0;0;0;0;0;0;0
Pineapple Delights (Liberty Orchards);3;piece;29.017;2.434;0.452;24.548;0;1.583;0.814
Pixy Stix (Wonka);7;stick;15;15;0;0;0;0;0
Powdered confectioner's sugar;12;teaspoon;29.343;0;0;29.343;0;0;0.378
Pure cane syrup;2;tablespoon;31.176;2.451;2.297;26.453;0;0;0
Pure corn syrup;2;tablespoon;11.411;6.219;0.665;0;0;4.527;0
Raisinets, Cranberry;0.25;cup;30.825;4.183;3.8;22.259;0.999;0;0.173
Raisinets, Dark Chocolate;0.25;cup;26;2.411;2.578;20.477;0.42;0;1.199
Raisinets, Milk Chocolate;0.25;cup;28.078;3.097;3.31;20.537;1.71;0;0.596
Red hots;50;piece;9.435;1.325;0.141;7.005;0;0.964;0
Red Vines;7;piece;18.354;3.611;0.414;11.751;0;2.574;7.587
Reese's Crispy Crunchy Bar;1;regular size bar - each 1.7 OZ;16.152;0.48;0.09;14.093;1.866;0.318;1.001
Reese's Crunchy Cookie Cup;2;piece;20.059;0.043;0.043;20.101;1.331;0;0.498
Reese's Dark Peanut Butter Cup;1;package - each 1.5 OZ - 2 cups;19.178;0.016;0.014;18.811;0.338;0;1.204
Reese's Fast Break;1;regular size bar - each 2 OZ;30.121;0.786;0.133;27.77;1.558;0.531;0.7
Reese's Milk Chocolate Bar Filled with Reese's Peanut Butter;0.333;bar - each 4.25 OZ - 12 blocks;20.71;0.039;0.039;19.766;1.494;0;0.463
Reese's NutRageous;1;"bar - each 1.8 OZ - 5"" long";24.128;1.361;1.085;21.446;0.238;0;0.551
Reese's Peanut Butter Cup;1;"package - each 1.5 OZ - 2 cups - 2 1/8"" diameter per cup";19.811;0.042;0.042;19.853;1.315;0;0.491
Reese's Pieces;0.25;cup;24.963;0.029;0.027;24.909;0;0;3.098
Reese's Sticks;1;regular size bar - each 1.5 OZ - 2 sticks;17.118;0.052;0.051;16.113;1.558;0.004;3.85
Reese's Whipps;1;regular size bar - each 1.9 OZ;29.717;1.126;0.167;26.588;1.824;0.781;0.462
Reese's White Peanut Butter Cup;1;package - each 1.5 OZ - 2 cups;20.754;0.018;0.017;19.44;1.96;0;0.498
Riesen;5;piece;19.383;6.915;0.015;11.52;1.173;0;3.35
Rock candy;1;stick;28.293;0;0;28.293;0;0;0
Rolo Caramels;7;piece;26.851;1.126;0.126;21.063;2.902;0.819;0.126
Root beer barrel;2;piece;11.322;1.589;0.169;8.406;0;1.157;0
Root beer barrel, sugar free;2;piece;0;0;0;0;0;0;0
Runts (Wonka);32;piece;34.772;34.692;0;0;0;0.08;2.561
Saccharin, liquid;10;drop;0;0;0;0;0;0;0
Saccharin, powdered;1;packet;0.852;0.852;0;0;0;0;0.039
Saccharin, tablet;1;tablet;0.349;0.349;0;0;0;0;0.016
Salt water taffy;4;piece;20;3.891;0.416;12.861;0;2.832;0
Salt water taffy, sugar free;4;piece;0.012;0.006;0.001;0.001;0.001;0.001;0
Salted nut roll;1;"regular size bar - each 1.8 OZ - 4 1/4"" long";22.358;4.022;0.021;14.785;0;3.517;0.817
Salted Nut Roll (Pearson's);1;"regular size bar - each 1.8 OZ - 4 1/4"" long";22.358;4.022;0.021;14.785;0;3.517;0.817
Semi-sweet chocolate chips;1;tablespoon;5.723;0.473;0.011;5.093;0;0;0.328
Semisweet chocolate;0.5;ounce;7.725;0.638;0.014;6.875;0;0;0.442
Shockers (Wonka);23;piece;28.322;23.34;0;0;0;4.982;0
Sixlets;1;package - each 1.75 OZ;35.04;9.628;0.031;23.426;1.955;0;0.333
Skinny Cow Dreamy Clusters, Dark Chocolate;1;pouch - each 1 OZ;6.663;0.166;0;6.222;0.273;0.001;2.645
Skinny Cow Dreamy Clusters, Milk Chocolate;1;pouch - each 1 OZ;7.147;0.193;0.027;6.283;1.073;0.001;2.314
Skinny Cow Heavenly Crisp, Milk Chocolate;1;bar - each 0.8 OZ;9.016;0.005;0.028;8.883;0.097;0.005;4.202
Skinny Cow Heavenly Crisp, Peanut Butter;1;bar - each 0.8 OZ;8.022;0.005;0.008;7.908;0.097;0.006;5.138
Skittles;38;piece;31.873;1.487;0.159;29.145;0;1.082;0
Skor Toffee Bar;1;"bar - each 1.4 OZ - 5"" long";23.357;0.031;0.031;22.538;1.244;0;0.207
Smarties;32;piece;13.739;13.739;0;0;0;0;0
Snickers;1;"regular size bar - each 2.07 OZ - 4"" long";30.198;3.581;0.043;22.273;1.88;3.102;0.578
Snickers Peanut Butter Squared;1;bar - each 1.78 OZ - 2 pieces;24.05;1.823;0.976;19.605;1.651;0.69;0.602
Snickers, Almond;1;"regular size bar - each 1.76 OZ - 3 3/4"" long";26.08;4.451;0.044;16.749;1.662;3.869;0.335
Snickers, Dark;1;bar - each 1.83 OZ;24.84;2.439;0;19.456;0.806;2.138;1.174
Sno-Caps;0.25;cup;21.846;0.029;0.029;21.153;1.097;0;4.437
Sour balls;3;piece;11.322;1.589;0.169;8.406;0;1.157;0
Sour Patch;21;piece;25;7.127;5.689;11.012;0;1.172;5.936
Sour Patch Kids;16;piece;25;7.127;5.689;11.012;0;1.172;5.936
Spice Drops (Brach's);13;piece;26.001;8.463;6.709;10.829;0;0;7.546
Splenda;1;packet;0.79;0.786;0;0;0;0.004;0.121
Splenda Brown Sugar Blend;0.5;teaspoon;1.994;0.028;0.023;1.943;0;0;0
Splenda Flavors for Coffee;1;stick;0.79;0.786;0;0;0;0.004;0.121
Splenda Minis;1;tablet;0.047;0;0;0;0.047;0;0
Splenda Sugar Blend;0.5;teaspoon;2.017;0;0;2.017;0;0;0
Splenda with Fiber;1;packet;0.81;0.795;0;0;0;0.017;0.121
Splenda with Fiber Granulated;1;teaspoon;0.415;0.402;0;0;0;0.015;0.061
Spree (Wonka);22;piece;35.749;35.749;0;0;0;0;0
Sprinkle Sweet;1;packet;0.852;0.852;0;0;0;0;0.039
Star Brites (Brach's);3;piece;9.435;1.325;0.141;7.005;0;0.964;0
Star Brites Sugar Free (Brach's);3;piece;0;0;0;0;0;0;0
Starburst GummiBurst, Original;9;piece;22.003;3.929;2.681;12.772;0;2.088;0
Starburst GummiBurst, Sour;9;piece;23.103;4.125;2.815;13.41;0;2.192;0
Starburst, Original;8;piece;21.999;3.158;0.635;15.939;0;2.197;1.59
Starburst, Red Favorites;8;piece;21.999;3.158;0.635;15.939;0;2.197;1.59
Starburst, Sour;8;piece;21.999;3.158;0.635;15.939;0;2.197;1.59
Starburst, Summer Fruits;8;piece;21.999;3.158;0.635;15.939;0;2.197;1.59
Starburst, Tropical;8;piece;21.999;3.158;0.635;15.939;0;2.197;0.59
Stevia In The Raw, bakers bag;1;teaspoon;0.019;0.005;0;0;0;0.014;0.456
Stevia In The Raw, jar;0.5;teaspoon;0.019;0.005;0;0;0;0.014;0.456
Stevia In The Raw, packets;1;packet;0.828;0.828;0;0;0;0;0
Stevia In The Raw, tablets;1;tablet;0;0;0;0;0;0;0
Suckers;1;piece;13.209;1.854;0.197;9.807;0;1.35;0
Suckers, sugar free;1;piece;0;0;0;0;0;0;0
Sucralose;1;packet;0.79;0.786;0;0;0;0.004;0.121
Sugar Babies;27;piece;28.817;3.036;0.976;23.126;0;1.679;0
Sugar Daddy;1;pop - each 1.7 OZ;31.305;3.508;0.375;23.996;0.872;2.553;0
Sugar Twin Original Packets;1;packet;0.682;0.682;0;0;0;0;0.031
Sugar, raw (turbinado);1;teaspoon;4.2;0;0;4.2;0;0;0
Sugar, white granulated;1;teaspoon;4.158;0;0;4.158;0;0;0
Sunkist Fruit Roll-Ups;1;roll - each 0.5 OZ;6.992;1.609;1.155;3.356;0;0.868;0
Sunkist Fruit Snacks;1;pouch - each 0.8 OZ;11.994;4.123;4.296;1.104;0;1.706;0
Swedish Fish;7;regular;30.999;8.837;7.054;13.655;0;1.453;0.953
Sweet 'N Low Brown;0.1;teaspoon;0.426;0.426;0;0;0;0;0.02
Sweet 'N Low Liquid;10;drop;0;0;0;0;0;0;0
Sweet 'N Low Powder;1;packet;0.852;0.852;0;0;0;0;0.039
Sweet 'N Low Tablet;1;tablet;0.349;0.349;0;0;0;0;0.016
Sweet 10;10;drop;0;0;0;0;0;0;0
Sweet chocolate chips;1;tablespoon;5.414;0;0;5.414;0;0;0.346
Sweet Fiber;0.5;teaspoon;0.075;0.025;0.025;0.025;0;0;0
Sweet One;1;packet;0.881;0.881;0;0;0;0;0
SweeTARTS (Wonka);17;piece;12.167;12.05;0;0;0;0.116;3.721
SweetLeaf Stevia;1;packet;0.075;0.025;0.025;0.025;0;0;0
SweetLeaf SugarLeaf;0.333;teaspoon;0.399;0;0;0.399;0;0;0
SweetLeaf Sweet Drops;5;drop;0;0;0;0;0;0;0
Swerve;1;teaspoon;0;0;0;0;0;0;0
Switzer's Chewy Bites, Licorice;15;bite size;12;4.478;1.379;3.191;0;2.808;11.35
Switzer's Chewy Twists, Blue Raspberry;4;twist;16.013;3.15;0.361;10.252;0;2.246;6.62
Switzer's Chewy Twists, Cinnamon;4;twist;16.013;3.15;0.361;10.252;0;2.246;6.62
Switzer's Chewy Twists, Green Apple;4;twist;16.013;3.15;0.361;10.252;0;2.246;6.62
Switzer's Chewy Twists, Lemonade;4;twist;16.013;3.15;0.361;10.252;0;2.246;6.62
Switzer's Chewy Twists, Watermelon;4;twist;16.013;3.15;0.361;10.252;0;2.246;6.62
Switzer's ChewyTtwists, Cherry;4;twist;16.013;3.15;0.361;10.252;0;2.246;6.62
Symphony Creamy Milk Chocolate Bar;1;"regular size bar - each 1.5 OZ - 4 7/8"" long";21.9;0.085;0.085;19.859;3.232;0;0.566
Symphony Milk Chocolate, Almond & Toffee Chips Bar;1;"regular size bar - each 1.5 OZ - 4 7/8"" long";20.552;0.065;0.063;19.025;2.408;0.005;0.44
Syrup, corn and maple mixture;2;tablespoon;23.806;0.63;0.205;22.964;0;0;0
Syrup, flavoring for coffee;2;tablespoon;19.964;0;0;19.964;0;0;0
Syrup, flavoring for coffee, sugar free;2;tablespoon;0;0;0;0;0;0;0
Syrup, white sugar or canned fruit syrup;2;tablespoon;13.609;0;0;13.609;0;0;0
Taffy;1;"bar - each 1.5 OZ - 6 1/2"" long";19.868;10.587;0;0;0;9.282;0
Taffy, homemade;3;piece;16.572;2.297;0.246;12.321;0;1.672;0.444
Take 5;1;regular size bar - each 1.5 OZ - each 2 pieces;16.881;1.227;0.181;12.559;2.721;0.905;5.121
The Original Chocolate Chip Cookie Dough Bites;30;piece;18.991;0.182;0.073;17.407;2.232;0.003;2.685
Tic Tacs;4;piece;1.886;0;0;1.886;0;0;0
Toblerone Fruit and Nut, Swiss Milk Chocolate with Honey & Almond Nougat and Raisins;0.5;"bar - each 3.52 OZ - 8"" long (12 sections)";26.676;2.757;2.943;19.058;3.094;0;0.802
Toblerone Swiss Dark Chocolate with Honey & Almond Nougat;0.5;"bar - each 3.52 OZ - 8"" long (12 sections)";23.95;0;0;23.125;0.825;0;1.895
Toblerone Swiss Milk Chocolate with Honey & Almond Nougat;0.5;"regular size bar - each 3.52 OZ - 8"" long (12 sections)";25.75;0.1;0.1;23.35;3.8;0;0.665
Toblerone Swiss White Confection with Honey & Almond Nougat;0.5;"bar - each 3.52 OZ - 8"" long (12 sections)";29.5;0;0;26.3;4.9;0;0
Toffee;6;piece - each 0.25 OZ;22.037;0;0;21.578;0.441;0;0
Toffifay;5;piece - each 0.29 OZ;18.372;0.761;0.09;14.48;1.946;0.549;0.126
Tootsie Pops;1;pop;10.693;1.501;0.16;7.939;0;1.093;0
Tootsie Roll;6;"midget - each 0.24 OZ - 1 1/4"" long";20;2.132;0.236;15.368;0.716;1.552;0.196
Treasures Dark Chocolate Caramel (DeMet's);3;piece;17.348;3.257;0.035;10.995;0.205;2.856;0.375
Treasures Milk Chocolate Caramel (DeMet's);3;piece;18.142;3.405;0.047;11.5;0.205;2.985;0.5
Treasures Milk Chocolate Peanut Butter (DeMet's);3;piece;15.173;0;0.018;14.952;0.204;0;2.337
Tropical Delights (Liberty Orchards);3;piece;29.017;2.434;0.452;24.548;0;1.583;0.814
Truvia;1;packet;0;0;0;0;0;0;0
Truvia Brown Sugar Blend;0.5;teaspoon;0.97;0.014;0.011;0.946;0;0;0
Turtles Cashew (DeMet's);2;piece;14.88;0.985;0.123;11.552;1.556;0.702;1.589
Turtles Original (DeMet's);2;piece;15;1.143;0.14;11.397;1.533;0.817;0.076
Turtles Sugar Free, Pecan (DeMet's);3;piece;0.867;0.04;0.056;0.315;0.453;0;0.203
Turtles Sugar Free, Pecan and Cashew (DeMet's);3;piece;0.653;0.006;0.008;0.64;0;0;1.597
Twix;1;"package - each 1.8 OZ - 2 bars - 4 1/8"" long each";23.058;1.014;0.141;20.397;1.368;0.718;5.349
Twizzler Bites, Black Licorice;17;piece;16.856;3.316;0.38;10.792;0;2.364;6.968
Twizzler Bites, Cherry;17;piece;16.856;3.316;0.38;10.792;0;2.364;6.968
Twizzlers Pull-n-Peel;1;piece - each 9 peels;13.906;2.736;0.314;8.903;0;1.95;5.749
Twizzlers Twists, Black Licorice;4;piece;18.963;3.731;0.428;12.141;0;2.66;7.839
Twizzlers Twists, Cherry;4;piece;18.963;3.731;0.428;12.141;0;2.66;7.839
Twizzlers Twists, Chocolate;4;piece;17.468;2.125;0.02;13.805;0;1.523;10.287
Twizzlers Twists, Strawberry;4;piece;18.963;3.731;0.428;12.141;0;2.66;7.839
Twizzlers Twists, Strawberry Rainbow;4;piece;19.665;3.869;0.443;12.591;0;2.758;8.129
Twizzlers Twists, Strawberry Sugar Free;6;piece;0.026;0;0;0.021;0;0.009;14.949
Twizzlers Twists, Sweet & Sour Filled;2;piece;20.001;4.594;0;11.375;0;4.036;7.243
Welch's Fruit Snacks, all flavors;1;pouch - each 0.9 OZ;11.697;0.997;0.492;9.599;0;0.607;5.157
Werther's Original Caramel Apple Filled Hard Candies;3;piece;12.226;0.834;0.089;9.704;0.992;0.607;0
Werther's Original Caramel Chocolates;3;piece;9.081;0.142;0.044;8.01;1.328;0.08;0.217
Werther's Original Caramel Coffee Hard Candies;4;piece;10.854;1.204;0.129;7.984;0.662;0.876;0
Werther's Original Caramel Hard Candies, Sugar Free;5;piece;0.059;0;0;0;0.059;0;0
Werther's Original Caramel Milk Chocolates;3;piece;8.104;0.067;0.022;6.723;1.211;0.058;0.552
Werther's Original Caramel Specialities Toffee Crunch;3;piece;12.76;3.429;0.366;3.59;2.811;2.495;0
Werther's Original CaraMelts;3;piece;8.636;0.564;0.059;5.474;2.065;0.445;1.471
Werther's Original Chewy Caramels;3;piece;7.611;1.064;0.114;4.317;1.342;0.775;0
Werther's Original Creamy Caramel Filled Hard Candies;3;piece;13.271;1.404;0.15;9.704;0.992;1.022;0
Werther's Original Hard Candies;3;piece;10.046;1.149;0.123;7.862;0.075;0.837;0
Werther's Original Hard Candies, Sugar Free;5;piece;0.037;0;0;0;0.037;0;0
Whatchamacallit;1;"regular size bar - each 1.6 OZ - 5 1/4"" long";21.009;2.642;2.108;14.687;1.156;0.398;4.962
White chocolate bar;0.5;bar - each 3 OZ;25.089;0;0;22.368;4.167;0;0
White chocolate chips;1;tablespoon;6.037;0.001;0;4.85;1.146;0;0.253
Whoppers;18;piece;26.002;1.115;0.127;20.521;3.391;0.849;0.344
Whoppers Milkshake Strawberry;18;piece;26.002;1.115;0.127;20.521;3.391;0.849;0.344
Whoppers Reese's;18;piece;19.68;1.722;0.19;16.073;0.957;1.068;0.501
Wild 'n Fruity Gummi Bears (Brach's);14;piece;23.09;2.92;0.562;17.662;0;1.947;0
Yogurt coated peanuts;0.25;cup;16.256;0.013;0.009;11.713;4.428;0;0.323
Yogurt covered almonds;0.25;cup;17.112;0.007;0;13.449;3.567;0.029;0.207
Yogurt covered raisins;0.25;cup;32.303;5.472;5.687;18.25;2.473;0.124;0.516
York Peppermint Pattie;3;"regular piece - each 0.5 OZ - 1 1/2"" diameter";26.386;5.391;4.3;15.668;0.139;0.887;0.316
York Peppermint Pattie Sugar Free;4;piece;0.218;0;0.076;0.045;0.086;0;0.812
Zagnut;1;bar - each 1.75 OZ;25;2.597;0.735;19.972;0.039;1.475;0.632
Zero;1;bar - each 1.85 OZ;31.627;7.527;0.804;11.467;6.2;5.478;0.135
Zsweet;1;teaspoon;0;0;0;0;0;0;0
